url,label,political_category,fb_id,unavailable_id,macedonian
21stcenturywire.com,left bias,left,182032255155419,,0
4threvolutionarywar.wordpress.com,left bias,left,,,0
aattp.org,left bias,left,108038612554992,,0
abeldanger.net,left bias,left,,,0
abncnews.com,left bias,left,197579543998318,,0
act.tv,left bias,left,153418591515382,,0
activistpost.com,left bias,left,128407570539436,,0
addictinginfo.org,left bias,left,146422995398181,,0
againstcronycapitalism.org,left bias,left,222149727806378,,0
ahtribune.com,left bias,left,433443503516781,,0
alexanderhiggins.com,left bias,left,827052560703226,,0
alexpoucher.com,left bias,left,personal_page,100003519797376,0
alternet.org,left bias,left,17108852506,,0
americablog.com,left bias,left,60190486539,,0
americannewsx.com,left bias,left,unavailable,357615034424156,0
anotherdayintheempire.com,left bias,left,personal_page,100000639240129,0
antiwar.com,left bias,left,,,0
attn.com,left bias,left,160389977329803,,0
beingliberal.org,left bias,left,177486166274,,0
bients.com,left bias,left,unavailable,168450746906756,0
billmoyers.com,left bias,left,114528955231791,,0
bipartisanreport.com,left bias,left,253546571389025,,0
blackagendareport.com,left bias,left,104037195986,,0
blacklistednews.com,left bias,left,235651699018,,0
blue-route.org,left bias,left,unavailable,636270796408657,0
bluedotdaily.com,left bias,left,1046400185439764,,0
bluedotdaily.com,left bias,left,1782469058666070,,0
bluenationreview.com,left bias,left,268311603350722,,0
bluetribune.com,left bias,left,188464111175168,,0
c4ss.org,left bias,left,117719681572756,,0
commondreams.org,left bias,left,32109457015,,0
consortiumnews.com,left bias,left,150931404928776,,0
countercurrents.org,left bias,left,81307324765,,0
counterinformation.wordpress.com,left bias,left,149873221834973,,0
counterpropa.com,left bias,left,305147709883415,,0
counterpunch.com,left bias,left,172470146144666,,0
counterpunch.org,left bias,left,172470146144666,,0
crooksandliars.com,left bias,left,33455892182,,0
dailygotham.com,left bias,left,,,0
dailykos.com,left bias,left,43179984254,,0
dailyleak.org,left bias,left,,,0
dailynewsbin.com,left bias,left,879307625456770,,0
deadstate.org,left bias,left,479687202044787,,0
democracyjournal.org,left bias,left,188165324600426,,0
democraticreview.com,left bias,left,,,0
democraticunderground.com,left bias,left,455410617809655,,0
democratizeus.com,left bias,left,1486860644672164,,0
demos.org,left bias,left,46587884802,,0
dieharddemocrat.com,left bias,left,1036841469686059,,0
dissent.tv,left bias,left,540157359523493,,0
dissentmagazine.org,left bias,left,54789869630,,0
economyincrisis.org,left bias,left,456512747696523,,0
egbertowillies.com,left bias,left,121664761245469,,0
equalvoiceforfamilies.org,left bias,left,22931596946,,0
everydayfeminism.com,left bias,left,392570397445248,,0
fair.org,left bias,left,12641323331,,0
feministe.us,left bias,left,,,0
feministing.com,left bias,left,20744822491,,0
forwardprogressives.com,left bias,left,551987771496911,,0
freakoutnation.com,left bias,left,152308008195941,,0
glennbeckunhinged.com,left bias,left,178739542138433,,0
goneleft.com,left bias,left,1641262382839336,,0
gopocalypse.org,left bias,left,352859651422892,,0
greenvillegazette.com,left bias,left,1374461649456926,,0
ifyouonlynews.com,left bias,left,762592150466931,,0
informationclearinghouse.info,left bias,left,248468565222626,,0
inthesetimes.com,left bias,left,44667476574,,0
itsgoingdown.org,left bias,left,1146656498733605,,0
jacobinmag.com,left bias,left,143021112391265,,0
joemygod.com,left bias,left,163121917034901,,0
juancole.com,left bias,left,55803739618,,0
justicewriters.com,left bias,left,729272437222215,,0
latinorebels.com,left bias,left,186457858051439,,0
leanleft.com,left bias,left,,,0
learnprogress.org,left bias,left,,,0
leftaction.com,left bias,left,139398939438430,,0
leftliberal.com,left bias,left,unavailable,324090427983707,0
leftscoop.com,left bias,left,704811763010803,,0
leftsideofhistory.com,left bias,left,1202861959767715,,0
leftwingnation.org,left bias,left,134176153323755,,0
liberalamerica.org,left bias,left,unavailable,180213475460766,0
liberalmountain.com,left bias,left,968877143183195,,0
liberalplug.com,left bias,left,610045389164725,,0
liberalsociety.com,left bias,left,610045389164725,,0
lidblog.com,left bias,left,961038380624167,,0
meanlefthook.com,left bias,left,306406853053018,,0
mediamatters.org,left bias,left,26595441166,,0
michaelmoore.com,left bias,left,24674986856,,0
mintpressnews.com,left bias,left,277613075615568,,0
modernliberals.com,left bias,left,282183791902004,,0
moonofalabama.org,left bias,left,,,0
motherjones.com,left bias,left,7642602143,,0
msnbc.com,left bias,left,273864989376427,,0
nationalmemo.com,left bias,left,210357995667559,,0
nationofchange.org,left bias,left,160260190686110,,0
newcenturytimes.com,left bias,left,1672814509645693,,0
newpol.org,left bias,left,208799592506432,,0
news.groopspeak.com,left bias,left,369527829841639,,0
newsbud.com,left bias,left,unavailable,165236450198983,0
newscorpse.com,left bias,left,117899091558228,,0
newshounds.us,left bias,left,144344708930358,,0
nowthisnews.com,left bias,left,341163402640457,,0
occupy.com,left bias,left,318434574849521,,0
occupydemocrats.com,left bias,left,346937065399354,,0
occupyliberals.com,left bias,left,205525363134528,,1
offthemainpage.com,left bias,left,1462268053999457,,0
oliverwillis.com,left bias,left,,,0
opednews.com,left bias,left,200583909956972,,0
oppositionreport.com,left bias,left,1640832309490921,,0
other98.com,left bias,left,114517875225866,,0
palmerreport.com,left bias,left,879307625456770,,0
patribotics.blog,left bias,left,,,0
politicalblindspot.com,left bias,left,157718827732542,,0
politicaldig.com,left bias,left,1527239134221579,,0
politicalupdater.com,left bias,left,979613892126968,,0
politicalwire.com,left bias,left,126284487422,,0
politicususa.com,left bias,left,186473214703370,,0
progressive.org,left bias,left,200548226627766,,0
progressiveliberal.net,left bias,left,363572153995471,,0
prospect.org,left bias,left,20239752285,,0
proudemocrat.com,left bias,left,1695168340767186,,0
rawprogressive.com,left bias,left,131682593971195,,0
rawstory.com,left bias,left,20324257234,,0
realprogressivesusa.com,left bias,left,1485438831785542,,0
realtimepolitics.com,left bias,left,979613892126968,,0
rebelpundit.com,left bias,left,147765065268571,,0
reclaimdemocracy.org,left bias,left,320274540972,,0
resistancereport.com,left bias,left,unavailable,690344821147429,0
resistmedia.org,left bias,left,217722751695604,,0
restoreamericanglory.com,left bias,left,634446283374728,,0
revcom.us,left bias,left,,,0
reverbpress.com,left bias,left,731244080298286,,0
rewire.news,left bias,left,9432926737,,0
rightwingwatch.org,left bias,left,154672041747,,0
rinf.com,left bias,left,154434341237962,,0
salon.com,left bias,left,120680396518,,0
samuel-warde.com,left bias,left,unavailable,353967728021064,0
secondnexus.com,left bias,left,651833651535152,,0
shadowproof.com,left bias,left,1624162894502220,,0
shareblue.com,left bias,left,268311603350722,,0
smirkingchimp.com,left bias,left,218610566124,,0
sourceplanet.net,left bias,left,1676688675937974,,0
talkingpointsmemo.com,left bias,left,98658495398,,0
talkleft.com,left bias,left,,,0
thedailybanter.com,left bias,left,340005092689907,,0
thefrisky.com,left bias,left,7458504675,,0
theimmoralminority.blogspot.ca,left bias,left,,,0
theleftcoaster.com,left bias,left,,,0
thenation.com,left bias,left,7629206115,,0
thenewcivilrightsmovement.com,left bias,left,358168880614,,0
thepeoplesview.net,left bias,left,140375152651507,,0
thepoliticalorder.com,left bias,left,552538524928728,,1
thepoliticalvoice.com/,left bias,left,776713152468040,,0
thepopulist.buzz,left bias,left,372907709740736,,0
theproudliberal.org,left bias,left,1036253643101134,,0
therealnews.com,left bias,left,16512617979,,0
thinkprogress.org,left bias,left,200137333331078,,0
tomdispatch.com,left bias,left,230537773698519,,0
towleroad.com,left bias,left,13794040506,,0
trofire.com,left bias,left,136764599915,,0
trueactivist.com,left bias,left,129370207168068,,0
truth-out.org,left bias,left,83865976093,,0
truthdig.com,left bias,left,64639136366,,0
truthexaminer.com,left bias,left,1340186812659728,,0
tytnetwork.com,left bias,left,210277954204,,0
upworthy.com,left bias,left,354522044588660,,0
usaonlinetoday.com,left bias,left,,,0
usuncut.com,left bias,left,188464111175168,,0
vesselnews.io,left bias,left,462215667303888,,0
voices4hillary.com,left bias,left,1746239085597087,,0
warisacrime.org,left bias,left,297768373319,,0
washingtonjournal.com,left bias,left,unavailable,1554747021224321,0
washingtonmonthly.com,left bias,left,195442743826815,,0
winningdemocrats.com,left bias,left,1640832309490921,,0
wonkette.com,left bias,left,100434040001314,,0
yesmagazine.org,left bias,left,114345125931,,0
youngprogressivevoices.com,left bias,left,553923781318329,,0
zcomm.org/zmag/,left bias,left,,,0
100percentfedup.com,right bias,right,311190048935167,,0
24dailynew.com,right bias,right,515629708825640,,1
24usnews.com,right bias,right,1430973860248840,,1
63red.com,right bias,right,267165846826107,,0
aclj.org,right bias,right,58158120046,,0
aei.org,right bias,right,44951363957,,0
afr.net,right bias,right,41246929603,,0
aim.org,right bias,right,8936818385,,0
aina.org,right bias,right,,,0
allenbwest.com,right bias,right,22067606728,,0
allenwestrepublic.com,right bias,right,158924294183807,,0
allpoliticalnews.com,right bias,right,,,1
altdrudge.com,right bias,right,592074077639509,,0
americanactionnews.com,right bias,right,223008867858902,,0
americanconservativeherald.com,right bias,right,186589878469568,,0
americandailypatriot.com,right bias,right,1810399205895315,,0
americanfreedomblog.com,right bias,right,personal_page,1493764085,0
americanjournalreview.com,right bias,right,1554834908172384,,0
americanlens.com,right bias,right,107222359687604,,0
americanlookout.com,right bias,right,,,0
americannews.com,right bias,right,179035672287016,,0
americanpatriotdaily.com,right bias,right,769354053132340,,0
americanpoliticnews.com,right bias,right,1059410987429703,,1
americanthinker.com,right bias,right,144317282271701,,0
americantoday.news,right bias,right,689005071241062,,0
americantruepatriots.com,right bias,right,unavailable,1758142167775100,1
americanupdate.com,right bias,right,956112704484286,,0
americasfreedomfighters.com,right bias,right,568982666502934,,0
americauncensored.com,right bias,right,,,0
americauncensored.net,right bias,right,1126662784108968,,0
americonnews.com,right bias,right,107606936297999,,0
amgreatness.com,right bias,right,522359791285231,,0
amposts.com,right bias,right,unavailable,490751094464993,0
amren.com,right bias,right,19051993499,,0
analogpolitics.com,right bias,right,283521255350943,,1
analogpolitics.com,right bias,right,unavailable,671249356361167,1
anews-24.com,right bias,right,1430973860248840,,1
angelagrahamwest.org,right bias,right,428053320608798,,0
angrypatriotmovement.com,right bias,right,872535699511452,,0
animeright.news,right bias,right,,,0
anncoulter.com,right bias,right,695526053890545,,0
arcmedia.org,right bias,right,,,0
barbwire.com,right bias,right,645859405473969,,0
bb4sp.com,right bias,right,208763874023,,0
bearingarms.com,right bias,right,124538510989702,,0
beforeitsnews.com,right bias,right,156185069843,,0
behindthetyranny.com,right bias,right,592074077639509,,0
bigamericannews.com,right bias,right,778293698901245,,0
bigbluedimension.com,right bias,right,unavailable,1563519590610201,1
bigbluevision.org,right bias,right,unavailable,942564539125675,0
biggovernment.news,right bias,right,210937299260017,,0
bigleaguepolitics.com,right bias,right,229812467461262,,0
bignuggetnews.com,right bias,right,,,0
bizpacreview.com,right bias,right,169204449790211,,0
blackandblondemedia.com,right bias,right,unavailable,812249398832889,0
blacklivesmatterexposed.com,right bias,right,,,0
blingnews.com,right bias,right,129425217526985,,1
blogslucianneloves.com,right bias,right,,,0
bloodyrubbish.com,right bias,right,145008569258178,,0
bluedimension.us,right bias,right,unavailable,1563519590610201,1
bluelivesmatter.blue,right bias,right,326614387531342,,0
bluevision.news,right bias,right,,,1
bookwormroom.com,right bias,right,128475230511762,,0
borntoberight.com,right bias,right,1119554641443403,,0
breitbart.com,right bias,right,95475020353,,0
bulletsfirst.net,right bias,right,363901400376803,,0
buzzfeedusa.com,right bias,right,,,1
chicksontheright.com,right bias,right,195530355493,,0
christianfightback.com,right bias,right,303920943326669,,0
citizenfreepress.com,right bias,right,,,0
citizensfortrump.com,right bias,right,563896500417731,,0
citizensunited.org,right bias,right,50513265848,,0
clashdaily.com,right bias,right,228702593913193,,0
cnsnews.com,right bias,right,19420215926,,0
comicallyincorrect.com,right bias,right,163201283712008,,0
commentarymagazine.com,right bias,right,30719304648,,0
committeetodefendthepresident.com,right bias,right,161453087348302,,0
consamerica.com,right bias,right,unavailable,1008475522552502,0
conservative101.com,right bias,right,1544939742476831,,0
conservativearmy88.com,right bias,right,590630060984225,,0
conservativebyte.com,right bias,right,148345978571352,,0
conservativeclub.net,right bias,right,unavailable,1205242106174446,0
conservativeconstitutionalists.com,right bias,right,,,0
conservativedailypost.com,right bias,right,330474400493018,,0
conservativedailyreview.com,right bias,right,330474400493018,,0
conservativedeplorable.com,right bias,right,1065157933581240,,0
conservativefighters.com,right bias,right,1125333984241125,,1
conservativefiringline.com,right bias,right,362730580442134,,0
conservativeflashnews.com,right bias,right,,,0
conservativehq.com,right bias,right,,,0
conservativeintel.com,right bias,right,329417987110870,,0
conservativenews.com,right bias,right,116933681791119,,0
conservativepost.com,right bias,right,221573484697614,,0
conservativepressnetwork.com,right bias,right,,,0
conservativereview.com,right bias,right,475549362567960,,0
conservativerevival.com,right bias,right,,,0
conservatives4palin.com,right bias,right,unavailable,324297487651852,0
conservativeshere.com,right bias,right,,,1
conservativespirit.com,right bias,right,1542401046056064,,0
conservativetribune.com,right bias,right,519305544814653,,0
conservativevideos.com,right bias,right,357239084310002,,0
conservativeworlddaily.com,right bias,right,940295849386709,,0
conservly.com,right bias,right,unavailable,795292900621258,0
consjournal.com,right bias,right,978296472213431,,0
conspatriot.com,right bias,right,1716514921967079,,0
constitution.com,right bias,right,unavailable,153088399719441,0
controversialtimes.com,right bias,right,297993800365881,,0
cooltobeconservative.com,right bias,right,,,0
cosmo-politics.com,right bias,right,unavailable,1698886010333078,1
cosmo-politics.com,right bias,right,unavailable,524812664343513,1
counter-currents.com,right bias,right,127191793979316,,0
craigjames.com,right bias,right,1414486152197718,,0
crtv.com,right bias,right,1109093812491437,,0
cscmediagroupus.com,right bias,right,572064949480977,,0
cscmediagroupus.com,right bias,right,706919156150156,,0
cynthiafarahat.com,right bias,right,,,0
dailycaller.com,right bias,right,182919686769,,0
dailyherald.news,right bias,right,,,0
dailyinfo.co,right bias,right,153519965088704,,0
dailyinsidernews.com,right bias,right,,,0
dailynews24-7.com,right bias,right,767739230029205,,1
dailynewscycle.com,right bias,right,,,0
dailynewshouse.com,right bias,right,,,1
dailynewspolitic.com,right bias,right,1146442485436882,,1
dailypoliticalnewswire.com,right bias,right,1660184174273654,,0
dailypresser.com,right bias,right,,,0
dailysidnews.com,right bias,right,,,1
dailysignal.com,right bias,right,300341323465160,,0
dailysurge.com,right bias,right,1444086445825928,,0
dailyusaupdate.com,right bias,right,,,0
dailywire.com,right bias,right,1435071773455316,,0
danaloeschradio.com,right bias,right,42872222699,,0
dcclothesline.com,right bias,right,440522575997388,,0
dcgazette.com,right bias,right,463855417049923,,0
dcstatesman.com,right bias,right,511928619002683,,0
dcwhispers.com,right bias,right,897023440417172,,0
defund.com,right bias,right,,,0
deneenborelli.com,right bias,right,289741874474112,,0
dennismichaellynch.com,right bias,right,513600888679373,,0
departed.co,right bias,right,unavailable,490751094464993,0
departedmedia.com,right bias,right,,,0
discoverthenetworks.org,right bias,right,,,0
donaldtrumpnews.co,right bias,right,1726840707573399,,1
donaldtrumpnews.co,right bias,right,1911476465739018,,1
donaldtrumpnews.net,right bias,right,1726840707573399,,1
donaldtrumppotus45.com,right bias,right,,,0
downtrend.com,right bias,right,296856040436954,,0
drudge.com,right bias,right,,,0
drudgereport.com,right bias,right,unavailable,102533606954,0
eaglerising.com,right bias,right,135665053303678,,0
embols.com,right bias,right,unavailable,1719157951667923,0
endingthefed.com,right bias,right,644891892279936,,0
enhlive.com,right bias,right,unavailable,938667992913151,1
everydaynews.us,right bias,right,unavailable,1800147146936127,1
excaliburreport.com,right bias,right,903791689730369,,0
faithfamilyamerica.com,right bias,right,184859785026060,,0
federalistpress.com,right bias,right,205858019534497,,0
federalisttribune.com,right bias,right,1629588830403923,,0
fightingfortrump.com,right bias,right,1546672678963050,,0
fixthisnation.com,right bias,right,626080910791883,,0
foramerica.org,right bias,right,114364638621903,,0
foreignpolicyjournal.com,right bias,right,91414372270,,0
foundingbloggers.com,right bias,right,,,0
foxnews.com,right bias,right,15704546335,,0
freebeacon.com,right bias,right,282024895179874,,0
freedom.news,right bias,right,210937299260017,,0
freedomdaily.com,right bias,right,440106476051475,,0
freedomfirst.news,right bias,right,1035617169863710,,0
freedomforce.com,right bias,right,1671569903078574,,0
freedomoutpost.com,right bias,right,241732562599215,,0
freedomsfinalstand.com,right bias,right,unavailable,130514217325644,0
freepatriotpost.com,right bias,right,1595723550651430,,0
frontpagemag.com,right bias,right,296396490870,,0
fury.news,right bias,right,1691686751091484,,0
futureinamerica.com,right bias,right,1488558181449522,,0
gatestoneinstitute.org,right bias,right,398203740209235,,0
girlsjustwannahaveguns.com,right bias,right,149817218374125,,0
globalinfotoday.com,right bias,right,,,1
godfatherpolitics.com,right bias,right,216931248339739,,0
goppresidential.com,right bias,right,,,0
gopthedailydose.com,right bias,right,112415152112864,,0
gotnews.com,right bias,right,1665532373663056,,0
govtslaves.info,right bias,right,288607251359,,0
greatamericandaily.com,right bias,right,,,0
guerrilla.news,right bias,right,1161632783864856,,1
hangthebankers.com,right bias,right,117819051682797,,0
hannity.com,right bias,right,69813760388,,0
heatst.com,right bias,right,1129007383778921,,0
hillary4prisoner.com,right bias,right,507165509486196,,0
hillarydaily.com,right bias,right,,,0
hotair.com,right bias,right,103971336305218,,0
hudson.org,right bias,right,22799114577,,0
hughhewitt.com,right bias,right,112114435501106,,0
humanevents.com,right bias,right,212436860202,,0
ih8hillary.com,right bias,right,533719316792782,,0
ihavethetruth.com,right bias,right,146801948862284,,0
ijr.com,right bias,right,406726216017535,,0
ilovemyfreedom.org,right bias,right,1487587521541634,,0
informationliberation.com,right bias,right,,,0
informedowners.com,right bias,right,unavailable,603824673033784,0
infowars.com,right bias,right,80256732576,,0
instaworldnews.com,right bias,right,946155132159916,,1
intrepidreport.com,right bias,right,199334810084087,,0
investmentwatchblog.com,right bias,right,138869856179618,,0
iotwreport.com,right bias,right,768969409823211,,0
ipatriot.com,right bias,right,222920264405712,,0
jamieglazov.com,right bias,right,1411473115776017,,0
janmorganmedia.com,right bias,right,396509850402862,,0
joeforamerica.com,right bias,right,359591544295,,0
jookos.com,right bias,right,unavailable,89742953276,0
knoxreport.com,right bias,right,1061277377271291,,0
lastresistance.com,right bias,right,454266821426024,,0
lauraingraham.com,right bias,right,271042954725,,0
leftexposed.org,right bias,right,,,0
legalinsurrection.com,right bias,right,106154574485,,0
lettucetalkaboutit.com,right bias,right,unavailable,1708604439421885,0
libertyblitzkrieg.com,right bias,right,,,0
libertyfederation.com,right bias,right,330201017032791,,0
libertyhangout.org,right bias,right,1642685862611663,,0
libertyisviral.com,right bias,right,,,0
libertyjuice.com,right bias,right,108728919161573,,0
libertynews.com,right bias,right,552194911539549,,0
libertytalk.fm,right bias,right,749061648443344,,0
libertyunyielding.com,right bias,right,350154138430441,,0
libertyviral.com,right bias,right,799007653446065,,0
libertywriters.com,right bias,right,,,0
libertywritersnews.com,right bias,right,433261566868387,,0
lifezette.com,right bias,right,108247159506719,,0
lonelyconservative.com,right bias,right,,,0
louderwithcrowder.com,right bias,right,15139936162,,0
loudobbs.com,right bias,right,,,0
madpatriots.com,right bias,right,unavailable,976659752378169,0
madworldnews.com,right bias,right,513813158657249,,0
makeamericagreattoday.com,right bias,right,1636990459913102,,0
marklevinshow.com,right bias,right,16307558831,,0
marksteyn.com,right bias,right,,,0
megafreshnews.com,right bias,right,,,0
menrec.com,right bias,right,415136781839268,,0
michellemalkin.com,right bias,right,269123710083,,0
minutemennews.com,right bias,right,249924365130007,,0
mrc.org,right bias,right,10498053716,,0
mrcblog.com,right bias,right,unavailable,142125212473533,0
mrctv.org,right bias,right,201956993160690,,0
myrightamerica.com,right bias,right,1829896873946966,,0
nationalinsiderpolitics.com,right bias,right,unavailable,299402180407111,0
nationalreview.com,right bias,right,15779440092,,0
nevo.news,right bias,right,1631398857174555,,0
newcriterion.com,right bias,right,,,0
newobserveronline.com,right bias,right,364255317006684,,0
newpoliticstoday.com,right bias,right,,,1
news-4.us,right bias,right,,,1
newsbreakshere.com,right bias,right,unavailable,490751094464993,0
newsbusters.org,right bias,right,6333396177,,0
newscrap.org,right bias,right,,,0
newsdiscoverer.com,right bias,right,unavailable,499590466904637,1
newsflashonline.info,right bias,right,,,1
newsfrompolitics.com,right bias,right,unavailable,524812664343513,1
newsleaks.co,right bias,right,unavailable,490751094464993,0
newsmax.com,right bias,right,85452072376,,0
newsninja2012.com,right bias,right,228565633877379,,0
newstarget.com,right bias,right,1671971886350240,,0
newzeal.blogspot.com,right bias,right,,,0
nextnewsnetwork.com,right bias,right,343548022384805,,0
nowtheendbegins.com,right bias,right,245481491808,,0
nutbarfactor.com,right bias,right,532734866892797,,0
nysun.com,right bias,right,,,0
oann.com,right bias,right,220198801458577,,0
offthewire.com,right bias,right,,,0
onlineconservativepress.com,right bias,right,unavailable,1488768428099602,0
openmagazines.com,right bias,right,unavailable,1744605802516147,1
overpassesforamerica.com,right bias,right,1089660871073245,,0
pamelageller.com,right bias,right,,,0
patdollard.com,right bias,right,,,0
patriot.tv,right bias,right,335723946520373,,0
patriotbeacon.com,right bias,right,1202208636511729,,0
patriotcrier.com,right bias,right,592074077639509,,0
patriothangout.com,right bias,right,,,0
patrioticfolks.com,right bias,right,1636990459913102,,0
patriotjournal.com,right bias,right,1557469237907508,,0
patriotnewsdaily.com,right bias,right,126703811068849,,0
patriotoutdoornews.com,right bias,right,248272551923470,,0
patriotpost.us,right bias,right,51560645913,,0
patriotreporting.com,right bias,right,unavailable,428978587288437,0
patriotretort.com,right bias,right,,,0
patriotrising.com,right bias,right,173718089482397,,0
patriottribune.com,right bias,right,208385689205703,,0
patriotupdate.com,right bias,right,215148520550,,0
pjmedia.com,right bias,right,15418366158,,0
politcalnews4you.com,right bias,right,,,1
politicalalley.com,right bias,right,,,1
politicalears.com,right bias,right,882703445081566,,0
politicalillusionsexposed.com,right bias,right,730086470386080,,0
politicalinbox.com,right bias,right,unavailable,313567945643206,1
politicaljungle.net,right bias,right,1598314740470404,,1
politicaloutcast.com,right bias,right,445073642279965,,0
politicalpool.com,right bias,right,,,1
politicalsitenews.com,right bias,right,1353320324694643,,1
politichicks.com,right bias,right,174133289343084,,0
politicspaper.com,right bias,right,,,1
powderedwigsociety.com,right bias,right,1507792376127891,,0
powerlineblog.com,right bias,right,359519977908,,0
president45donaldtrump.com,right bias,right,,,0
prisonplanet.com,right bias,right,126313621603,,0
proamericanews.com,right bias,right,993293174040189,,0
progressivestoday.com,right bias,right,,,0
projectveritas.com,right bias,right,236763656409160,,0
proud-patriots.com,right bias,right,unavailable,1925954704297713,0
proudcons.com,right bias,right,978296472213431,,0
quinhillyer.com,right bias,right,229475497245882,,0
rare.us,right bias,right,1019871961378419,,0
readconservatives.news,right bias,right,1722398264701093,,1
readmeeveryday.com,right bias,right,214752375232773,,0
reagancoalition.com,right bias,right,123917457765597,,0
realclearpolitics.com,right bias,right,27088225427,,0
redalertpolitics.com,right bias,right,344637645551128,,0
redbox.news,right bias,right,,,1
redconservativeclub.com,right bias,right,unavailable,1648476728802305,1
redcountry.us,right bias,right,unavailable,1460363040662703,1
redflagnews.com,right bias,right,116727628853,,0
redflagnews.com,right bias,right,492836854251934,,0
redherald.com,right bias,right,269815666696444,,0
redhotconservative.com,right bias,right,,,0
rednationrising.us,right bias,right,542681229094582,,0
rednationweekly.com,right bias,right,940295849386709,,0
rednecknewswire.com,right bias,right,,,0
redpeople.us,right bias,right,unavailable,1460363040662703,1
redrightrepublic.com,right bias,right,,,0
redrocktribune.com,right bias,right,1754194318141624,,0
redstate.com,right bias,right,106547192707583,,0
redstatepundit.com,right bias,right,,,0
redstatewatcher.com,right bias,right,133961323610549,,0
redwhiteandright.com,right bias,right,157817631307424,,0
refinedright.com/,right bias,right,1237168256301866,,0
regated.com,right bias,right,unavailable,1753823298162515,0
revealingpolitics.com,right bias,right,,,0
reviveusa.com,right bias,right,305986132775543,,0
rickwells.us,right bias,right,1405080846374047,,0
rightalert.com,right bias,right,,,0
rightbias.com,right bias,right,,,0
rightedition.com,right bias,right,879232675425585,,0
rightforever.com,right bias,right,unavailable,1925954704297713,0
rightpundits.com,right bias,right,55076937573,,0
rightsidenews.com,right bias,right,,,0
rightvoicemedia.com,right bias,right,,,0
rightwingnews.com,right bias,right,389658314427637,,0
rushlimbaugh.com,right bias,right,136264019722601,,0
savingourfuture.com,right bias,right,130631440429139,,0
secretnewsusa.com,right bias,right,1608786116085025,,1
secretsofthefed.com,right bias,right,unavailable,178303555571465,0
secureamericanow.org,right bias,right,145380305523723,,0
sgsnews.com,right bias,right,597953296965194,,0
shark-tank.com,right bias,right,164858597334,,0
sharpelbowsstl.blogspot.ca,right bias,right,,,0
silenceisconsent.net,right bias,right,183356311699411,,0
sistertoldjah.com,right bias,right,personal_page,809260617,0
skepchick.org,right bias,right,160712560629690,,0
sonsoflibertymedia.com,right bias,right,289189664545158,,0
sourcesnews.com,right bias,right,1014803551921469,,0
sovereignman.com,right bias,right,,,0
spartareport.com,right bias,right,824651571003336,,0
spectator.org,right bias,right,119049414803510,,0
spinzon.com,right bias,right,269815666696444,,0
stacyontheright.com,right bias,right,292949924146549,,0
stridentconservative.com,right bias,right,,,0
subjectpolitics.com,right bias,right,1633304150220472,,0
swampdrain.com,right bias,right,639552979481215,,1
tammybruce.com,right bias,right,97464672662,,0
teaparty.org,right bias,right,172526489431467,,0
teapartytribune.com,right bias,right,171190156249770,,0
theamericancause.org,right bias,right,154494061242776,,0
theamericanconservative.com,right bias,right,32125256650,,0
theamericanmirror.com,right bias,right,735302356547665,,0
theblacksphere.net,right bias,right,49867377595,,0
theblaze.com,right bias,right,140738092630206,,0
thecollegefix.com,right bias,right,212848742088398,,0
theconservativemonitor.com,right bias,right,,,0
theconservativerepublic.com,right bias,right,197043394037769,,0
theconservativetreehouse.com,right bias,right,,,0
thedailydeplorables.com,right bias,right,1065157933581240,,0
thedailynewsbox.com,right bias,right,unavailable,249806062045755,1
thedailypatriots.com,right bias,right,1065157933581240,,0
thedailysheeple.com,right bias,right,140738092630206,,0
thedeplorablearmy.com,right bias,right,1065157933581240,,0
theexaminer.site,right bias,right,607019026153835,,1
thefederalist.com,right bias,right,157843634416312,,0
thefederalistpapers.org,right bias,right,107705785934333,,0
thegatewaypundit.com,right bias,right,196087640574,,0
thegoldwater.com,right bias,right,,,0
thelibertydaily.com,right bias,right,,,0
thenewamerican.com,right bias,right,146909368666979,,0
thenewscommenter.com,right bias,right,493304957381719,,0
thenewsdoctors.com,right bias,right,454994297918305,,0
thenewyorkevening.com,right bias,right,unavailable,565423626972075,1
thepoliticalherald.com,right bias,right,255358528223922,,0
thepoliticalinsider.com,right bias,right,112723252096438,,0
thepoliticaltribune.com,right bias,right,,,0
therealside.com,right bias,right,141741139173942,,0
therebel.media,right bias,right,811793512220923,,0
therepublicannews.net,right bias,right,1690703604505977,,0
therightscoop.com,right bias,right,460197020720819,,0
thestarchronicle.com,right bias,right,unavailable,1830889193815811,0
thetrumpmedia.com,right bias,right,822016851270450,,0
thetruthdivision.com,right bias,right,501786380024121,,0
thetruthdivision.com,right bias,right,625416194262163,,0
thinkamericana.com,right bias,right,533719316792782,,0
thinkrightpolitics.com,right bias,right,,,0
tmn.today,right bias,right,591402597574018,,0
to-day-news-24.com,right bias,right,544518465756524,,1
topallnew.com,right bias,right,408532246163750,,1
toprightnews.com,right bias,right,160617427472811,,0
topsecretinfodump.com,right bias,right,507165509486196,,0
topsecretinfodump.com,right bias,right,592074077639509,,0
topsecretinfoexposed.com,right bias,right,592074077639509,,0
topsecretleaks.com,right bias,right,507165509486196,,0
totalconservative.com,right bias,right,235880153440564,,0
totalworldnews.com,right bias,right,,,1
tothedeathmedia.com,right bias,right,592074077639509,,0
townhall.com,right bias,right,41632789656,,0
triadconservative.com,right bias,right,,,0
trpolitics.com,right bias,right,945145548946376,,0
truedaily.news,right bias,right,,,0
truepundit.com,right bias,right,210081569389429,,0
truetrumpers.com,right bias,right,,,0
trumpers.online,right bias,right,,,0
trumptrainnews.com,right bias,right,1750471095167410,,0
trumpvision365.com,right bias,right,,,1
truthandaction.org,right bias,right,574747565911344,,0
truthfeed.com,right bias,right,520289594804628,,0
truthinmedia.com,right bias,right,unavailable,124075334324092,0
truthmonitor.com,right bias,right,1202208636511729,,0
truthrevolt.org,right bias,right,563531023712949,,0
twitchy.com,right bias,right,319569361390023,,0
uconservative.net,right bias,right,unavailable,813352205466078,0
ufpnews.com,right bias,right,142868065759441,,0
undergroundnewsreport.com,right bias,right,,,0
unhyphenatedamerica.org,right bias,right,114469275252738,,0
unionleader.com,right bias,right,,,0
universepolitics.com,right bias,right,,,1
usadailynews24.com,right bias,right,1184476888286808,,1
usadailyreports.com,right bias,right,114849938997087,,1
usadailytime.com,right bias,right,unavailable,1744605802516147,1
usaelectionsnews.com,right bias,right,unavailable,172125046548614,1
usahealthylife.com,right bias,right,1184476888286808,,1
usainfonews.com,right bias,right,,,1
usamagazinestudio.com,right bias,right,547477122099171,,1
usanewsflash.com,right bias,right,unavailable,820759888034335,1
usanewshome.com,right bias,right,1170562502965493,,1
usanewshome.com,right bias,right,879418882166765,,1
usanewsinsider.com,right bias,right,1086868394685992,,0
usanewsoftheday.org,right bias,right,unavailable,1648476728802305,1
usanewspolitics.com,right bias,right,unavailable,503743826481257,1
usaphase.com,right bias,right,,,0
usapoliticsnow.com,right bias,right,unavailable,1800147146936127,1
usapoliticstoday.com,right bias,right,1161632783864856,,0
usapubliclife.com,right bias,right,,,1
usarelated.com,right bias,right,1564924110429668,,0
usasupreme.com,right bias,right,667824596689766,,0
usatwentyfour.com,right bias,right,752089438256272,,0
usaviralpolitics.com,right bias,right,unavailable,1858711167741099,0
usaworldbox.com,right bias,right,unavailable,167870080364375,1
usconservative.com,right bias,right,,,0
usdefensewatch.com,right bias,right,870254066367607,,0
usherald.com,right bias,right,1746057572287188,,0
usinfonews.com,right bias,right,322521158087556,,1
usjournalreview.com,right bias,right,1554834908172384,,0
usnewz24.com,right bias,right,,,0
uspoliticsinfo.com,right bias,right,256185128065500,,1
uspoliticsinsider.com,right bias,right,,,1
uspostman.com,right bias,right,unavailable,194500234340722,1
usviewer.com,right bias,right,825897147516847,,0
utnews.info,right bias,right,372220329789295,,1
vanguardofliberty.org,right bias,right,1827547780839216,,0
vdare.com,right bias,right,385640741463156,,0
veteransnewsnow.com,right bias,right,,,0
victoriajackson.com,right bias,right,229633827099583,,0
vidmax.com,right bias,right,1349936971683802,,0
viraldeplorables.com,right bias,right,1065157933581240,,0
viralhubbub.com,right bias,right,532734866892797,,0
viralliberty.com,right bias,right,592074077639509,,0
viralpatriot.com,right bias,right,592074077639509,,0
viralpatriots.com,right bias,right,1065157933581240,,0
visiontoamerica.com,right bias,right,239225158893,,0
washingtonexaminer.com,right bias,right,40656699159,,0
washingtonfeed.com,right bias,right,1859989890948610,,0
washingtontimes.com,right bias,right,35994014410,,0
waynedupree.com,right bias,right,228565633877379,,0
weaselzippers.us,right bias,right,916120348409972,,0
webdaily.com,right bias,right,1969250316633715,,0
westernjournalism.com,right bias,right,123624513983,,0
westernjournalism.com,right bias,right,1591828521031839,,0
westsentinel.com,right bias,right,1770145919930804,,0
wethepeoplefree.com,right bias,right,,,0
wnd.com,right bias,right,119984188013847,,0
worlddailyonline.com,right bias,right,1969250316633715,,0
worldnewsandrumors.space,right bias,right,1221818827889644,,1
worldnewspolitics.com,right bias,right,929534787140343,,0
worldpoliticus.com,right bias,right,unavailable,862847370480630,1
yesimright.com,right bias,right,387740238090754,,0
youngcons.com,right bias,right,147772245840,,0
