Domain,MBFC factual,Site Rank,Year online,Name,Media Bias/Fact Check URL,Wikipedia,MBFC,lang,URL,✓
100percentfedup.com,low,101963,,100 Percent Fed Up,https://mediabiasfactcheck.com/100-percent-fed-up/,,FN,en,https://100percentfedup.com/,↗
10news.one,low,2688331,,10News.one,https://mediabiasfactcheck.com/10news-one/,,FN,en,https://www.10news.one/,↗
12minutos.com,low,330294,,12minutos.com,https://mediabiasfactcheck.com/12minutos-com/,,FN,es,http://www.12minutos.com/,↗
79days.news,very-low,75838,2020,Banned.Video,https://mediabiasfactcheck.com/79days-news/,,,en,https://79days.news/,↗
911truth.org,low,900437,2003,911Truth.org,https://mediabiasfactcheck.com/911truth-org/,,CP,en,https://911truth.org/,↗
aapsonline.org,low,266505,1998,Association of American Physicians and Surgeons,https://mediabiasfactcheck.com/association-of-american-physicians-and-surgeons-aaps/,https://en.wikipedia.org/wiki/Association_of_American_Physicians_and_Surgeons,FN,en,https://aapsonline.org/,↗
abovetopsecret.com,low,25965,1997,Above Top Secret,https://mediabiasfactcheck.com/above-top-secret/,,CP,en,http://www.abovetopsecret.com/,↗
actionnews3.com,very-low,1639157,2015,Action News 3,https://mediabiasfactcheck.com/action-news-3/,,FN,en,https://actionnews3.com/,↗
activistpost.com,low,65871,,Activist Post,https://mediabiasfactcheck.com/activist-post/,,CP,en,https://www.activistpost.com/,↗
adflegal.org,low,235690,,Alliance Defending Freedom,https://mediabiasfactcheck.com/alliance-defending-freedom/,https://en.wikipedia.org/wiki/Alliance_Defending_Freedom,FN,en,https://adflegal.org/,↗
afa.net,low,258741,1996,American Family Association,https://mediabiasfactcheck.com/american-family-association/,https://en.wikipedia.org/wiki/American_Family_Association,FN,en,https://afa.net/,↗
allnewspipeline.com,low,119886,2014,All News Pipeline,https://mediabiasfactcheck.com/all-news-pipeline/,,FN,en,https://allnewspipeline.com/,↗
alphanewsmn.com,low,316986,2015,Alpha News,https://mediabiasfactcheck.com/alpha-news/,,FN,en,https://alphanewsmn.com/,↗
alternativenews.com,low,2828101,1996,AlternativeNews.com,https://mediabiasfactcheck.com/alternativenews-com/,,CP,en,https://alternativenews.com/,↗
althealthworks.com,low,411488,,AltHealth Works,https://mediabiasfactcheck.com/althealth-works/,,CP,en,https://althealthworks.com/,↗
altrighttv.com,low,2501588,2016,Alt-Right TV,https://mediabiasfactcheck.com/alt-right-tv/,,,en,https://altrighttv.com/,↗
americamaxnews.com,low,494950,2020,America Max News,https://mediabiasfactcheck.com/america-max-news/,,,en,https://www.americamaxnews.com/,↗
americanfreepress.net,low,460516,2001,American Free Press,https://mediabiasfactcheck.com/american-free-press/,https://en.wikipedia.org/wiki/American_Free_Press,CP,en,https://americanfreepress.net/,↗
americanjournalreview.com,low,322527,2015,American Journal Review,https://mediabiasfactcheck.com/american-journal-review/,,FN,en,http://americanjournalreview.com/,↗
americanlookout.com,low,399717,2016,American Lookout,https://mediabiasfactcheck.com/american-lookout/,,FN,en,https://americanlookout.com/,↗
americanpeopledaily.com,low,678656,2017,American People Daily,https://mediabiasfactcheck.com/american-people-daily/,,FN,en,https://americanpeopledaily.com/,↗
americanprinciplesproject.org,low,7206620,,American Principles Project,https://mediabiasfactcheck.com/american-principles-project/,https://en.wikipedia.org/wiki/American_Principles_Project,FN,en,https://americanprinciplesproject.org/,↗
americansfortruth.com,very-low,3649691,1998,Americans for Truth about Homosexuality,https://mediabiasfactcheck.com/americans-for-truth-aftah/,https://en.wikipedia.org/wiki/Americans_for_Truth_about_Homosexuality,FN,en,https://americansfortruth.com/,↗
americanthinker.com,low,15496,2003,American Thinker,https://mediabiasfactcheck.com/american-thinker/,https://en.wikipedia.org/wiki/American_Thinker,FN,en,https://www.americanthinker.com/,↗
americantruthtoday.com,low,546805,2019,American Truth Today,https://mediabiasfactcheck.com/american-truth-today/,,FN,en,https://americantruthtoday.com/,↗
americasfreedomfighters.com,very-low,768287,2013,Americas Freedom Fighters,https://mediabiasfactcheck.com/american-freedom-fighters/,,FN,en,https://americasfreedomfighters.com/,↗
amren.com,low,65466,1995,American Renaissance Magazine,https://mediabiasfactcheck.com/american-renaissance-magazine/,https://en.wikipedia.org/wiki/American_Renaissance_(magazine),FN,en,https://www.amren.com/,↗
amtvmedia.com,low,1000462,,Alternative Media Television (AMTV),https://mediabiasfactcheck.com/alternative-media-television-amtv/,,CP,en,https://www.amtvmedia.com/,↗
anonhq.com,very-low,173716,2014,We are Anonymous,https://mediabiasfactcheck.com/we-are-anonymous/,,CP,en,https://anonhq.com/,↗
assassinationscience.com,low,4276349,1998,Assassination Science,https://mediabiasfactcheck.com/assassination-science/,,CP,en,https://assassinationscience.com/,↗
australiannationalreview.com,low,1716654,2014,Australian National Review,https://mediabiasfactcheck.com/australian-national-review/,,CP,en,https://australiannationalreview.com/,↗
avoiceformen.com,low,214865,2009,A Voice for Men,https://mediabiasfactcheck.com/a-voice-for-men/,https://en.wikipedia.org/wiki/A_Voice_for_Men,FN,en,https://avoiceformen.com/,↗
awarenessact.com,low,55285,2012,Awareness Act,https://mediabiasfactcheck.com/awareness-act/,,CP,en,https://awarenessact.com/,↗
banned.video,very-low,8218,2019,Banned.Video,https://mediabiasfactcheck.com/banned-video/,,,en,https://banned.video/,↗
barenakedislam.com,low,122795,2008,Bare Naked Islam,https://mediabiasfactcheck.com/bare-naked-islam/,,FN,en,https://barenakedislam.com/,↗
bb4sp.com,low,487623,2015,BB4SP,https://mediabiasfactcheck.com/bb4sp/,,FN,en,https://bb4sp.com/,↗
beforeitsnews.com,low,16416,,Before It's News,https://mediabiasfactcheck.com/before-its-news/,https://en.wikipedia.org/wiki/List_of_fake_news_websites,FN,en,https://beforeitsnews.com/,↗
biggovernment.news,very-low,3877485,,Big Government News,https://mediabiasfactcheck.com/big-government-news/,https://en.wikipedia.org/wiki/Natural_News,CP,en,https://biggovernment.news/,↗
bigleaguepolitics.com,low,88039,2016,Big League Politics,https://mediabiasfactcheck.com/big-league-politics/,https://en.wikipedia.org/wiki/Big_League_Politics,FN,en,https://bigleaguepolitics.com/,↗
billionbibles.org,very-low,943925,,BillionBibles.org,https://mediabiasfactcheck.com/billionbibles-bias-credibility-christian-propaganda-fake-news/,,FN,en,https://billionbibles.org/,↗
biodefense.com,very-low,20000000,,BioDefense,https://mediabiasfactcheck.com/biodefense/,,CP,en,https://biodefense.com/,↗
bitchute.com,very-low,2060,2014,BitChute,https://mediabiasfactcheck.com/bitchute/,https://en.wikipedia.org/wiki/BitChute,FN,en,https://www.bitchute.com/,↗
blackeyepolitics.com,low,648994,2018,Black Eye Politics,https://mediabiasfactcheck.com/black-eye-politics-bias-credibility-rating/,,FN,en,https://blackeyepolitics.com/,↗
blackgenocide.org,low,3251119,2001,Black Genocide,https://mediabiasfactcheck.com/black-genocide/,,FN,en,http://blackgenocide.org/,↗
blingnews.com,low,3966576,2016,Blingnews.com,https://mediabiasfactcheck.com/blingnews-com/,,FN,en,http://www.blingnews.com/,↗
bluntforcetruth.com,low,430699,2014,Blunt Force Truth,https://mediabiasfactcheck.com/blunt-force-truth/,,FN,en,https://bluntforcetruth.com/,↗
brandnewtube.com,very-low,42472,2013,Brand New Tube,https://mediabiasfactcheck.com/brand-new-tube/,,,en,https://brandnewtube.com/,↗
breaking911.com,very-low,107352,,Breaking911,https://mediabiasfactcheck.com/breaking911/,,FN,en,https://breaking911.com/,↗
breakingchristiannews.com,low,850195,2004,Breaking Christian News,https://mediabiasfactcheck.com/breaking-christian-news/,,FN,en,http://breakingchristiannews.com/,↗
breakingfirst.com,low,1098222,2015,Breaking First,https://mediabiasfactcheck.com/breaking-first/,,FN,en,https://breakingfirst.com/,↗
brighteon.com,very-low,13427,2018,Brighteon,https://mediabiasfactcheck.com/brighteon/,,,en,https://www.brighteon.com/,↗
bugout.news,very-low,20000000,2015,Bugout.news,https://mediabiasfactcheck.com/bugout-news/,https://en.wikipedia.org/wiki/Natural_News,CP,en,https://bugout.news/,↗
campusinsanity.com,very-low,20000000,2015,CampusInsanity,https://mediabiasfactcheck.com/campusinsanity-com/,https://en.wikipedia.org/wiki/Natural_News,CP,en,https://campusinsanity.com/,↗
canadafreepress.com,low,136099,2002,Canada Free Press,https://mediabiasfactcheck.com/canada-free-press/,,FN,en,https://canadafreepress.com/,↗
cancer.news,very-low,20000000,,Cancer.news,https://mediabiasfactcheck.com/cancer-news/,https://en.wikipedia.org/wiki/Natural_News,CP,en,https://cancer.news/,↗
cap-news.com,very-low,7164955,,Cap News,https://mediabiasfactcheck.com/cap-news/,,FN,en,https://cap-news.com/,↗
carm.org,low,91110,1997,Christian Apologetics & Research Ministry (CARM),https://mediabiasfactcheck.com/christian-apologetics-research-ministry-carm/,https://en.wikipedia.org/wiki/Christian_Apologetics_and_Research_Ministry,CP,en,https://carm.org/,↗
cei.org,low,341823,1995,Competitive Enterprise Institute,https://mediabiasfactcheck.com/competitive-enterprise-institute/,https://en.wikipedia.org/wiki/Competitive_Enterprise_Institute,FN,en,https://cei.org/,↗
censored.news,low,341119,,Censored.news,https://mediabiasfactcheck.com/censored-news/,,FN,en,https://censored.news/,↗
cfact.org,low,538026,1997,The Committee for a Constructive Tomorrow (CFACT),https://mediabiasfactcheck.com/committee-constructive-tomorrow-cfact-org/,https://en.wikipedia.org/wiki/Committee_for_a_Constructive_Tomorrow,CP,en,https://www.cfact.org/,↗
childrenshealthdefense.org,low,78475,2018,Children's Health Defense,https://mediabiasfactcheck.com/childrens-health-defense/,https://en.wikipedia.org/wiki/Children%27s_Health_Defense,CP,en,https://childrenshealthdefense.org/,↗
chlorellafactor.com,very-low,20000000,2004,Chlorella Factor,https://mediabiasfactcheck.com/chlorellafactor-com/,https://en.wikipedia.org/wiki/Natural_News,CP,en,https://chlorellafactor.com/,↗
christianaction.org,low,500176,1999,Christian Action Network,https://mediabiasfactcheck.com/christian-action-network/,https://en.wikipedia.org/wiki/Christian_Action_Network,FN,en,https://christianaction.org/,↗
christianscience.com,low,178497,1998,Christian Science,https://mediabiasfactcheck.com/christian-science/,https://en.wikipedia.org/wiki/Christian_Science,CP,en,https://www.christianscience.com/,↗
cityworldnews.com,very-low,16006975,2014,CityWorldNews,https://mediabiasfactcheck.com/cityworldnews/,,FN,en,http://cityworldnews.com/,↗
clarionproject.org,low,208275,2012,Clarion Project,https://mediabiasfactcheck.com/clarion-project/,https://en.wikipedia.org/wiki/Clarion_Project,FN,en,https://clarionproject.org/,↗
clashdaily.com,low,160053,,Clash Daily,https://mediabiasfactcheck.com/clash-daily/,,FN,en,https://clashdaily.com/,↗
climate.news,very-low,5384066,2017,Climate.News,https://mediabiasfactcheck.com/climate-news/,https://en.wikipedia.org/wiki/Natural_News,FN,en,https://climate.news/,↗
climatechangedispatch.com,low,782598,,Climate Change Dispatch,https://mediabiasfactcheck.com/climate-change-dispatch/,,CP,en,https://climatechangedispatch.com/,↗
climatism.blog,low,1160373,,Climatism,https://mediabiasfactcheck.com/climatism/,,CP,en,https://climatism.blog/,↗
cloverchronicle.com,low,1065138,2018,Clover Chronicle,https://mediabiasfactcheck.com/clover-chronicle-bias-credibility-fake-news/,,FN,en,https://cloverchronicle.com/,↗
cnn-globalnews.com,very-low,20000000,2018,cnn-globalnews.com,https://mediabiasfactcheck.com/cnn-globalnews-com/,,FN,en,http://www.cnn-globalnews.com/,↗
cnsnews.com,low,33402,1998,CNS News,https://mediabiasfactcheck.com/cns-news/,https://en.wikipedia.org/wiki/CNSNews.com,FN,en,https://www.cnsnews.com/,↗
coasttocoastam.com,low,22966,1999,Coast to Coast AM,https://mediabiasfactcheck.com/coast-to-coast-am/,https://en.wikipedia.org/wiki/Coast_to_Coast_AM,CP,en,https://www.coasttocoastam.com/,↗
collapse.news,very-low,2494406,2015,Collapse.News,https://mediabiasfactcheck.com/collapse-news/,https://en.wikipedia.org/wiki/Natural_News,CP,en,https://collapse.news/,↗
collective-evolution.com,low,24058,2009,Collective Evolution,https://mediabiasfactcheck.com/collective-evolution/,,CP,en,https://www.collective-evolution.com/,↗
concernedwomen.org,low,1264653,,Concerned Women for America,https://mediabiasfactcheck.com/concerned-women-america/,https://en.wikipedia.org/wiki/Concerned_Women_for_America,FN,en,https://concernedwomen.org/,↗
conservativeammo.com,low,2874905,2016,Conservative Ammo,https://mediabiasfactcheck.com/conservative-ammo/,,FN,en,https://conservativeammo.com/,↗
conservativebeaver.com,very-low,20000000,2020,Conservative Beaver,https://mediabiasfactcheck.com/conservative-beaver/,,,en,https://www.conservativebeaver.com/,↗
conservativedailypost.com,low,52389,2016,Conservative Daily Post,https://mediabiasfactcheck.com/conservative-daily-post/,,FN,en,https://conservativedailypost.com/,↗
conservativefreepress.com,low,498141,2015,Conservative Free Press,https://mediabiasfactcheck.com/conservative-free-press/,,FN,en,http://www.conservativefreepress.com/,↗
conservativepost.com,low,775568,2013,Conservative Post,https://mediabiasfactcheck.com/conservative-post/,,FN,en,https://conservativepost.com/,↗
conspiracydailyupdate.com,low,376327,2016,Conspiracy Daily Update,https://mediabiasfactcheck.com/conspiracy-daily-update/,,CP,en,https://conspiracydailyupdate.com/,↗
consumerwellness.org,very-low,4350479,,Consumer Wellness Center,https://mediabiasfactcheck.com/consumer-wellness-center/,,CP,en,https://consumerwellness.org/,↗
corbettreport.com,low,93466,,The Corbett Report,https://mediabiasfactcheck.com/the-corbett-report/,,CP,en,https://www.corbettreport.com/,↗
corona-transition.org,low,32698,,Corona Transition,https://mediabiasfactcheck.com/corona-transition/,,,de,https://corona-transition.org/,↗
cosmicintelligenceagency.com,low,237380,2005,Cosmic Intelligence Agency,https://mediabiasfactcheck.com/cosmic-intelligence-agency/,,CP,en,https://cosmicintelligenceagency.com/,↗
counterthink.com,very-low,6181565,,CounterThink.com,https://mediabiasfactcheck.com/counterthink-com/,https://en.wikipedia.org/wiki/Natural_News,CP,en,https://counterthink.com/,↗
creation.com,low,55961,1995,Christian Ministries International,https://mediabiasfactcheck.com/christian-ministries-international/,,CP,en,https://creation.com/,↗
csglobe.com,low,1263204,2013,CS Globe,https://mediabiasfactcheck.com/cs-globe/,,CP,en,https://csglobe.com/,↗
curiousmindmagazine.com,low,122023,2015,Curious Mind Magazine,https://mediabiasfactcheck.com/curious-mind-magazine/,,CP,en,https://curiousmindmagazine.com/,↗
dailybuzzlive.com,very-low,1425259,2013,Daily Buzz Live,https://mediabiasfactcheck.com/daily-buzz-live/,https://en.wikipedia.org/wiki/The_Daily_Buzz,FN,en,https://dailybuzzlive.com/,↗
dailyexpose.co.uk,very-low,250150,,The Daily Expose,https://mediabiasfactcheck.com/the-daily-expose/,,,en,https://dailyexpose.co.uk/,↗
dailyheadlines.net,low,428808,2014,Daily Headlines,https://mediabiasfactcheck.com/daily-headlines/,,FN,en,http://dailyheadlines.net/,↗
dailyhealthpost.com,low,142158,2012,DailyHealthPost,https://mediabiasfactcheck.com/dailyhealthpost/,,CP,en,https://dailyhealthpost.com/,↗
dailyoccupation.com,low,722179,2016,Daily Occupation,https://mediabiasfactcheck.com/daily-occupation/,,CP,en,https://dailyoccupation.com/,↗
darkjournalist.com,low,764232,2011,Dark Journalist,https://mediabiasfactcheck.com/dark-journalist/,,CP,en,https://darkjournalist.com/,↗
dataasylum.com,low,2507356,2000,Data Asylum,https://mediabiasfactcheck.com/data-asylum/,,CP,en,http://www.dataasylum.com/,↗
davidharrisjr.com,low,164309,2016,David Harris Jr,https://mediabiasfactcheck.com/davidharrisjr-com/,,FN,en,https://davidharrisjr.com/,↗
davidicke.com,very-low,36009,1997,David Icke,https://mediabiasfactcheck.com/david-icke/,,CP,en,https://www.davidicke.com/,↗
dcclothesline.com,low,144327,2013,The DC Clothesline,https://mediabiasfactcheck.com/the-d-c-clothesline/,,FN,en,https://www.dcclothesline.com/,↗
dcdirtylaundry.com,very-low,78280,2018,DC Dirty Laundry,https://mediabiasfactcheck.com/dc-dirty-laundry/,,FN,en,https://dcdirtylaundry.com/,↗
dcgazette.com,low,3708726,2014,DC Gazette,https://mediabiasfactcheck.com/dc-gazette/,https://en.wikipedia.org/wiki/List_of_fake_news_websites,FN,en,https://dcgazette.com/,↗
defiantamerica.com,low,2691233,2016,Defiant America,https://mediabiasfactcheck.com/defiant-america/,,FN,en,https://defiantamerica.com/,↗
deplorablekel.com,low,467402,2017,Deplorable Kel,https://mediabiasfactcheck.com/deplorable-kel/,,FN,en,https://deplorablekel.com/,↗
digifection.com,low,658363,2016,The Times of America,https://mediabiasfactcheck.com/the-times-of-america/,,FN,en,http://www.digifection.com/,↗
disclose.tv,low,27647,2007,Disclose TV,https://mediabiasfactcheck.com/disclose-tv/,https://en.wikipedia.org/wiki/List_of_fake_news_websites,CP,en,https://www.disclose.tv/,↗
discoverthenetworks.org,low,689724,2005,Discover the Networks,https://mediabiasfactcheck.com/discover-the-networks/,https://en.wikipedia.org/wiki/Discover_the_Networks,FN,en,https://www.discoverthenetworks.org/,↗
discovery.org,low,393423,1995,Discovery Institute,https://mediabiasfactcheck.com/discovery-institute/,https://en.wikipedia.org/wiki/Discovery_Institute,CP,en,https://www.discovery.org/,↗
distributednews.com,very-low,138257,,Hang The Censors,https://mediabiasfactcheck.com/distributed-news/,,,en,https://distributednews.com/,↗
djhjmedia.com,low,37321,2019,BitChute,https://mediabiasfactcheck.com/djhj-media/,,FN,en,https://djhjmedia.com/,↗
earthpulse.com,low,3286750,1996,Earthpulse Press,https://mediabiasfactcheck.com/earthpulse-press/,,CP,en,https://earthpulse.com/,↗
ecology.news,very-low,4189190,2015,Ecology News,https://mediabiasfactcheck.com/ecology-news/,https://en.wikipedia.org/wiki/Natural_News,CP,en,https://ecology.news/,↗
educate-yourself.org,very-low,189941,1999,Educate Yourself,https://mediabiasfactcheck.com/educate-yourself/,,CP,en,https://educate-yourself.org/,↗
electroverse.net,low,335147,2019,Electroverse,https://mediabiasfactcheck.com/electroverse/,,CP,en,https://electroverse.net/,↗
elizabethjohnston.org,low,1179306,,Elizabeth Johnston,https://mediabiasfactcheck.com/activist-mommy/,https://en.wikipedia.org/wiki/Elizabeth_Johnston,,en,https://elizabethjohnston.org/,↗
empireherald.com,low,15343499,2016,Empire Herald,https://mediabiasfactcheck.com/empire-herald/,https://en.wikipedia.org/wiki/List_of_fake_news_websites,FN,en,https://empireherald.com/,↗
en-volve.com,very-low,326775,2016,En-volve,https://mediabiasfactcheck.com/en-volve/,,FN,en,https://en-volve.com/,↗
en.metapedia.org,low,60690,,Metapedia,https://mediabiasfactcheck.com/metapedia/,https://en.wikipedia.org/wiki/Metapedia,FN,en,https://en.metapedia.org/,↗
en.newsner.com,very-low,60852,,Newsner,https://mediabiasfactcheck.com/newsner/,,FN,en,https://en.newsner.com/,↗
endthefed.org,low,1917909,2015,End the Fed,https://mediabiasfactcheck.com/end-the-fed/,,FN,en,https://endthefed.org/,↗
escapeallthesethings.com,low,1117542,2004,Escape all these Things,https://mediabiasfactcheck.com/escape-all-these-things/,,CP,en,https://escapeallthesethings.com/,↗
eugenics.news,very-low,4619005,,Eugenics.News,https://mediabiasfactcheck.com/eugenics-news/,,CP,en,https://eugenics.news/,↗
everylegalvote.com,low,61873,2020,Every Legal Vote,https://mediabiasfactcheck.com/every-legal-vote/,,,en,https://everylegalvote.com/,↗
evil.news,low,9016680,2015,Evil.News,https://mediabiasfactcheck.com/evil-news/,https://en.wikipedia.org/wiki/Natural_News,FN,en,https://evil.news/,↗
evolutionnews.org,low,147408,2004,Evolution News and Views,https://mediabiasfactcheck.com/evolution-news-and-views/,,CP,en,https://evolutionnews.org/,↗
explainlife.com,very-low,240818,2004,Explain Life,https://mediabiasfactcheck.com/explain-life/,,FN,en,https://explainlife.com/,↗
fairus.org,low,149084,1995,The Federation for American Immigration Reform,https://mediabiasfactcheck.com/the-federation-for-american-immigration-reform-fair/,https://en.wikipedia.org/wiki/Federation_for_American_Immigration_Reform,FN,en,https://www.fairus.org/,↗
fellowshipoftheminds.com,low,109424,2013,Fellowship of the Minds,https://mediabiasfactcheck.com/fellowship-of-the-minds/,,CP,en,https://fellowshipoftheminds.com/,↗
focusonthefamily.com,low,33829,1999,Focus on the Family,https://mediabiasfactcheck.com/focus-on-the-family/,https://en.wikipedia.org/wiki/Focus_on_the_Family,FN,en,https://www.focusonthefamily.com/,↗
food.news,very-low,2704667,,Food.News,https://mediabiasfactcheck.com/food-news/,https://en.wikipedia.org/wiki/Natural_News,CP,en,https://food.news/,↗
foreverconscious.com,low,189774,2013,Forever Conscious,https://mediabiasfactcheck.com/forever-conscious/,,CP,en,https://foreverconscious.com/,↗
fortherightnews.com,low,4561531,2017,For the Right News,https://mediabiasfactcheck.com/for-the-right-news/,,FN,en,https://www.fortherightnews.com/,↗
frc.org,low,171433,1995,Family Research Council,https://mediabiasfactcheck.com/family-research-council/,https://en.wikipedia.org/wiki/Family_Research_Council,FN,en,https://frc.org/,↗
freedom.news,very-low,20000000,2015,Freedom.News,https://mediabiasfactcheck.com/freedom-news/,https://en.wikipedia.org/wiki/Natural_News,CP,en,https://freedom.news/,↗
freedomadvocates.org,low,5095191,,Freedom Advocates,https://mediabiasfactcheck.com/freedom-advocates-agenda-21/,,CP,en,https://www.freedomadvocates.org/,↗
freedomdaily.com,low,8199533,2013,Freedom Daily,https://mediabiasfactcheck.com/freedom-daily/,,R,en,http://www.freedomdaily.com/,↗
friatider.se,low,146672,2009,Fria Tider,https://mediabiasfactcheck.com/fria-tider-free-times/,,,sv,https://www.friatider.se/,↗
fromthetrenchesworldreport.com,low,361089,,From the Trenches World Report,https://mediabiasfactcheck.com/from-the-trenches-world-report/,,CP,en,https://fromthetrenchesworldreport.com/,↗
frontpagemag.com,low,53181,1998,FrontPage Magazine,https://mediabiasfactcheck.com/frontpage-magazine/,https://en.wikipedia.org/wiki/FrontPage_Magazine,FN,en,https://www.frontpagemag.com/,↗
fury.news,very-low,7548165,,Fury News,https://mediabiasfactcheck.com/fury-news/,,FN,en,https://www.fury.news/,↗
gaia.com,low,18355,1992,Gaia,https://mediabiasfactcheck.com/gaia/,,CP,en,https://www.gaia.com/,↗
gellerreport.com,low,83508,2016,Geller Report,https://mediabiasfactcheck.com/geller-report/,https://en.wikipedia.org/wiki/Pamela_Geller,FN,en,https://gellerreport.com/,↗
geoengineering.news,very-low,20000000,,Geoengineering.News,https://mediabiasfactcheck.com/geoengineering-news/,https://en.wikipedia.org/wiki/Natural_News,CP,en,https://geoengineering.news/,↗
geoengineeringwatch.org,low,218564,,GeoEngineering Watch,https://mediabiasfactcheck.com/geoengineering-watch/,,CP,en,https://www.geoengineeringwatch.org/,↗
geopol.institute,low,1584225,2020,Geopolitical Studies Institute,https://mediabiasfactcheck.com/national-policy-institute/,,,en,https://geopol.institute/,↗
getholistichealth.com,low,288994,2003,Get Holistic Health,https://mediabiasfactcheck.com/get-holistic-health/,,CP,en,https://www.getholistichealth.com/,↗
glitch.news,very-low,4703013,2015,Glitch.News,https://mediabiasfactcheck.com/glitch-news/,,CP,en,https://glitch.news/,↗
globalinfotoday.com,low,20000000,2016,Global Info Today,https://mediabiasfactcheck.com/global-info-today/,,FN,en,http://globalinfotoday.com/,↗
globalresearch.ca,low,26012,2001,Global Research,https://mediabiasfactcheck.com/global-research/,https://en.wikipedia.org/wiki/Michel_Chossudovsky#Centre_for_Research_on_Globalization,CP,en,https://www.globalresearch.ca/,↗
globalskywatch.com,low,1422431,,Global Skywatch,https://mediabiasfactcheck.com/global-skywatch/,,CP,en,http://globalskywatch.com/,↗
globemagazine.com,very-low,2751943,1999,Globe Magazine,https://mediabiasfactcheck.com/globe-magazine/,,FN,en,https://www.globemagazine.com/,↗
gmo.news,very-low,20000000,,GMO.News,https://mediabiasfactcheck.com/gmo-news/,https://en.wikipedia.org/wiki/Natural_News,CP,en,https://gmo.news/,↗
gnews.org,low,22665,,Gnews,https://mediabiasfactcheck.com/gnews/,,FN,en,https://gnews.org/,↗
godandscience.org,low,549935,1999,Evidence for God from Science,https://mediabiasfactcheck.com/evidence-for-god-from-science/,,CP,en,https://godandscience.org/,↗
godlikeproductions.com,low,12222,2000,Godlike Productions,https://mediabiasfactcheck.com/godlike-productions/,,CP,en,https://www.godlikeproductions.com/,↗
goodgopher.com,very-low,413031,2014,GoodGopher,https://mediabiasfactcheck.com/goodgopher/,,FN,en,https://goodgopher.com/,↗
goop.com,low,13260,1996,Goop,https://mediabiasfactcheck.com/goop/,https://en.wikipedia.org/wiki/Goop_(company),CP,en,https://goop.com/,↗
gotquestions.org,low,6153,2002,Got Questions,https://mediabiasfactcheck.com/got-questions-gotquestions-org/,,CP,en,https://www.gotquestions.org/,↗
govtslaves.com,low,20000000,2008,Government Slaves,https://mediabiasfactcheck.com/government-slaves/,,CP,en,https://govtslaves.com/,↗
grainoftruth.ca,very-low,1827170,2018,Grain of Truth,https://mediabiasfactcheck.com/grain-of-truth/,,FN,en,https://grainoftruth.ca/,↗
greatamericandaily.com,low,282103,2016,Great American Daily,https://mediabiasfactcheck.com/great-american-daily/,,FN,en,https://greatamericandaily.com/,↗
greatamericanrepublic.com,low,4166209,2016,Great American Republic,https://mediabiasfactcheck.com/great-american-republic-bias-credibility-fake-news/,,FN,en,https://greatamericanrepublic.com/,↗
greenmedinfo.com,low,55143,,GreenMedInfo,https://mediabiasfactcheck.com/greenmedinfo/,,CP,en,https://www.greenmedinfo.com/,↗
greenvillegazette.com,low,3724708,2013,Greenville Gazette,https://mediabiasfactcheck.com/greenville-gazette/,,L,en,http://www.greenvillegazette.com/,↗
gulagbound.com,low,2485234,2010,Gulag Bound,https://mediabiasfactcheck.com/gulag-bound/,,CP,en,http://gulagbound.com/,↗
hangthebankers.com,low,596098,2012,Hang The Bankers,https://mediabiasfactcheck.com/hang-the-bankers/,,FN,en,https://hangthebankers.com/,↗
hannity.com,low,69187,1998,Sean Hannity,https://mediabiasfactcheck.com/hannity-com/,https://en.wikipedia.org/wiki/Sean_Hannity,FN,en,https://hannity.com/,↗
healingfoodreference.com,very-low,2981377,,Healing Food Reference,https://mediabiasfactcheck.com/healing-food-reference/,,CP,en,https://healingfoodreference.com/,↗
healingoracle.ch,very-low,1132882,,Healing Oracle,https://mediabiasfactcheck.com/healing-oracle/,,CP,en,https://healingoracle.ch/,↗
health.news,very-low,957767,,Health.News,https://mediabiasfactcheck.com/health-news/,https://en.wikipedia.org/wiki/Natural_News,CP,en,https://health.news/,↗
healthimpactnews.com,low,184109,2011,Health Impact News,https://mediabiasfactcheck.com/health-impact-news/,,CP,en,https://healthimpactnews.com/,↗
healthnutnews.com,very-low,85465,2013,Health Nut News,https://mediabiasfactcheck.com/health-nut-news/,,CP,en,https://www.healthnutnews.com/,↗
healthranger.com,very-low,2517608,,The Health Ranger,https://mediabiasfactcheck.com/the-health-ranger/,,CP,en,https://healthranger.com/,↗
healthrangerreport.com,very-low,20000000,2015,Health Ranger Report,https://mediabiasfactcheck.com/health-ranger-report/,https://en.wikipedia.org/wiki/Natural_News,CP,en,https://healthrangerreport.com/,↗
healthy-holistic-living.com,low,61516,2006,Healthy Holistic Living,https://mediabiasfactcheck.com/healthy-holistic-living/,,CP,en,https://www.healthy-holistic-living.com/,↗
healthyfoodhouse.com,low,41171,2012,Healthy Food House,https://mediabiasfactcheck.com/healthy-food-house/,,CP,en,https://www.healthyfoodhouse.com/,↗
heartland.org,low,314281,1994,Heartland Institute,https://mediabiasfactcheck.com/heartland-institute/,https://en.wikipedia.org/wiki/Heartland_Institute,FN,en,https://heartland.org/,↗
herbreference.com,very-low,4217904,,Herbreference.com,https://mediabiasfactcheck.com/herbreference-com/,,CP,en,https://herbreference.com/,↗
hoggwatch.com,low,3451464,2018,Hogg Watch,https://mediabiasfactcheck.com/hogg-watch/,https://en.wikipedia.org/wiki/Natural_News,FN,en,https://hoggwatch.com/,↗
hsionline.com,low,648601,2009,Health Sciences Institute,https://mediabiasfactcheck.com/health-sciences-institute/,,CP,en,https://hsionline.com/,↗
humansarefree.com,low,96003,,Humans are Free,https://mediabiasfactcheck.com/humans-are-free/,,CP,en,https://humansarefree.com/,↗
iceagenow.info,low,434235,2011,Ice Age Now,https://mediabiasfactcheck.com/ice-age-now/,,CP,en,https://www.iceagenow.info/,↗
icr.org,very-low,114323,1995,Institute for Creation Research (IRC),https://mediabiasfactcheck.com/institute-for-creation-research-icr/,,CP,en,https://www.icr.org/,↗
ifyouonlynews.com,very-low,1975929,2014,If You Only News,https://mediabiasfactcheck.com/if-you-only-news/,,FN,en,https://ifyouonlynews.com/,↗
ihatethemedia.com,low,1238104,,I Hate the Media,https://mediabiasfactcheck.com/i-hate-the-media/,,FN,en,https://www.ihatethemedia.com/,↗
ihealthtube.com,low,804636,,iHealthtube.com,https://mediabiasfactcheck.com/ihealthtube/,,CP,en,https://ihealthtube.com/,↗
ihr.org,very-low,335362,1998,Institute for Historical Review (IHR),https://mediabiasfactcheck.com/institute-for-historical-review/,https://en.wikipedia.org/wiki/Institute_for_Historical_Review,FN,en,http://ihr.org/,↗
illicitinfo.com,low,269313,2018,Illicit Info,https://mediabiasfactcheck.com/illicit-info/,,FN,en,https://illicitinfo.com/,↗
illuminati-news.com,low,923580,2000,Illuminati News,https://mediabiasfactcheck.com/illuminati-news/,,CP,en,http://illuminati-news.com/,↗
illuminatiwatcher.com,low,544983,2012,Illuminati Watcher,https://mediabiasfactcheck.com/illuminati-watcher/,,CP,en,https://illuminatiwatcher.com/,↗
ilovemyfreedom.org,very-low,61855,2015,I love my Freedom,https://mediabiasfactcheck.com/i-love-my-freedom/,,FN,en,https://ilovemyfreedom.org/,↗
imowired.com,very-low,4144569,2016,IMOwired,https://mediabiasfactcheck.com/imowired/,,FN,en,http://imowired.com/,↗
infiniteunknown.net,low,549776,2008,Infinite Unknown,https://mediabiasfactcheck.com/infinite-unknown/,,CP,en,https://infiniteunknown.net/,↗
infogalactic.com,low,107104,2016,InfoGalactic,https://mediabiasfactcheck.com/infogalactic/,https://en.wikipedia.org/wiki/Vox_Day,FN,en,https://infogalactic.com/info/Main_Page,↗
informationliberation.com,low,92020,2004,Information Liberation,https://mediabiasfactcheck.com/information-liberation/,,FN,en,http://www.informationliberation.com/,↗
inforos.ru,low,564067,2000,InfoRos.ru,https://mediabiasfactcheck.com/inforos/,,FN,ru,https://inforos.ru/,↗
infowars.com,very-low,4158,1999,Infowars,https://mediabiasfactcheck.com/infowars-alex-jones/,https://en.wikipedia.org/wiki/InfoWars,CP,en,https://www.infowars.com/,↗
ingredients.news,very-low,9416739,2015,Ingredients.News,https://mediabiasfactcheck.com/ingredients-news/,https://en.wikipedia.org/wiki/Natural_News,CP,en,http://ingredients.news/,↗
intellihub.com,low,151112,,Intellihub,https://mediabiasfactcheck.com/intellihub/,,CP,en,https://www.intellihub.com/,↗
iowaclimate.org,low,5736613,2016,Iowa Climate Science Education,https://mediabiasfactcheck.com/iowa-climate-science-education/,,CP,en,https://iowaclimate.org/,↗
jesus-is-savior.com,low,125795,2002,Jesus is Savior,https://mediabiasfactcheck.com/jesus-is-savior/,,CP,en,https://jesus-is-savior.com/,↗
jesusdaily.com,low,445389,,Jesus Daily,https://mediabiasfactcheck.com/jesus-daily/,,CP,en,https://www.jesusdaily.com/,↗
joebiden.news,very-low,3704017,2017,Joe Biden News,https://mediabiasfactcheck.com/joebiden-news/,,,en,https://joebiden.news/,↗
judicialwatch.org,low,52168,1997,Judicial Watch,https://mediabiasfactcheck.com/judicial-watch/,https://en.wikipedia.org/wiki/Judicial_Watch,FN,en,https://www.judicialwatch.org/,↗
junkscience.com,low,671381,1996,JunkScience.com,https://mediabiasfactcheck.com/junkscience-com/,,CP,en,https://junkscience.com/,↗
knowledgeoftoday.org,low,1231221,,Knowledge of Today,https://mediabiasfactcheck.com/knowledge-of-today/,,CP,en,https://www.knowledgeoftoday.org/,↗
larouchepac.com,low,151717,2004,LaRouche PAC,https://mediabiasfactcheck.com/larouche-pac/,https://en.wikipedia.org/wiki/Worldwide_LaRouche_Youth_Movement#LaRouche_PAC,CP,en,https://larouchepac.com/,↗
learntherisk.org,very-low,1015206,2015,LearnTheRisk.org,https://mediabiasfactcheck.com/learntherisk-org/,https://en.wikipedia.org/wiki/Learn_The_Risk,CP,en,https://learntherisk.org/,↗
leftaction.com,low,2899350,2010,Left Action,https://mediabiasfactcheck.com/left-action/,,FN,en,https://leftaction.com/,↗
leftcult.com,very-low,3357840,2017,LeftCult,https://mediabiasfactcheck.com/leftcult/,,,en,https://leftcult.com/,↗
leftexposed.org,low,2647658,2014,Left Exposed,https://mediabiasfactcheck.com/left-exposed/,,FN,en,http://leftexposed.org/,↗
liberty.news,very-low,3754007,2015,Liberty.News,https://mediabiasfactcheck.com/liberty-news-2/,https://en.wikipedia.org/wiki/Natural_News,CP,en,https://liberty.news/,↗
libertybell.com,low,20000000,2003,Liberty Bell,https://mediabiasfactcheck.com/liberty-bell/,,,en,https://www.libertybell.com/,↗
libertyhangout.org,low,671279,2015,Liberty Hangout,https://mediabiasfactcheck.com/liberty-hangout/,https://en.wikipedia.org/wiki/Kaitlin_Bennett,,en,http://libertyhangout.org/,↗
libertyvideos.org,low,16953997,,Liberty Videos,https://mediabiasfactcheck.com/liberty-videos/,,CP,en,https://libertyvideos.org/,↗
libtards.news,very-low,8087318,2015,Libtards.News,https://mediabiasfactcheck.com/libtards-news/,https://en.wikipedia.org/wiki/Natural_News,CP,en,https://libtards.news/,↗
lifenews.com,low,73063,2001,Life News,https://mediabiasfactcheck.com/life-news/,,LC,,https://www.lifenews.com/,↗
lifespa.com,low,108758,1997,LifeSpa,https://mediabiasfactcheck.com/lifespa/,,CP,en,https://lifespa.com/,↗
lindelltv.com,very-low,124895,2019,Lindell TV,https://mediabiasfactcheck.com/lindell-tv/,https://en.wikipedia.org/wiki/Mike_Lindell,,en,https://lindelltv.com/,↗
londonwebnews.com,low,9122758,2017,London Web News,https://mediabiasfactcheck.com/london-web-news/,,FN,en,https://londonwebnews.com/,↗
loonwatch.com,low,3630876,,LoonWatch,https://mediabiasfactcheck.com/loonwatch/,,FN,en,https://www.loonwatch.com/,↗
madworldnews.com,low,154163,2013,Mad World News,https://mediabiasfactcheck.com/mad-world-news/,,FN,en,https://madworldnews.com/,↗
medicalmedium.com,low,87680,,Medical Medium,https://mediabiasfactcheck.com/medical-medium/,https://en.wikipedia.org/wiki/Anthony_William,CP,en,https://www.medicalmedium.com/,↗
medicine.news,low,5074305,,Medicine News,https://mediabiasfactcheck.com/medicine-news/,https://en.wikipedia.org/wiki/Natural_News,CP,en,https://medicine.news/,↗
meforum.org,low,218826,2000,Middle East Forum,https://mediabiasfactcheck.com/middle-east-forum/,https://en.wikipedia.org/wiki/Middle_East_Forum,FN,en,https://www.meforum.org/,↗
mercola.com,low,6133,1997,Mercola,https://mediabiasfactcheck.com/mercola/,https://en.wikipedia.org/wiki/Joseph_Mercola,CP,en,https://www.mercola.com/,↗
merica1st.com,low,946379,2017,National Conservative,http://mediabiasfactcheck.com/council-of-concerned-citizens/,,,en,https://merica1st.com/,↗
mixi.media,low,42288,,Mixi.Media,https://mediabiasfactcheck.com/mixi-media/,,FN,en,https://mixi.media/,↗
moonbattery.com,low,317014,2004,MoonBattery,https://mediabiasfactcheck.com/moonbattery/,,FN,en,https://moonbattery.com/,↗
myrightamerica.com,low,10467000,2016,My Right American,https://mediabiasfactcheck.com/my-right-american/,,FN,en,https://myrightamerica.com/,↗
natall.com,very-low,2928699,1995,National Alliance,https://mediabiasfactcheck.com/national-alliance/,https://en.wikipedia.org/wiki/National_Alliance_(United_States),FN,en,https://natall.com/,↗
nationaleconomicseditorial.com,low,1649565,2016,National Economics Editorial,https://mediabiasfactcheck.com/national-economics-editorial/,,FN,en,https://nationaleconomicseditorial.com/,↗
nationalenquirer.com,low,55172,1996,National Enquirer,https://mediabiasfactcheck.com/national-enquirer/,https://en.wikipedia.org/wiki/National_Enquirer,FN,en,https://www.nationalenquirer.com/,↗
nationalfile.com,low,51619,2019,National File,https://mediabiasfactcheck.com/national-file/,,CP,en,https://nationalfile.com/,↗
nationalpolicy.institute,low,20000000,,National Policy Institute,https://mediabiasfactcheck.com/national-policy-institute/,https://en.wikipedia.org/wiki/National_Policy_Institute,FN,en,https://nationalpolicy.institute/,↗
nationalrighttolifenews.org,low,1014698,,NRL News Today,https://mediabiasfactcheck.com/nrl-news-today/,,FN,en,https://www.nationalrighttolifenews.org/,↗
nationalsecurity.news,very-low,8581318,2015,NationalSecurity.News,https://mediabiasfactcheck.com/nationalsecurity-news/,https://en.wikipedia.org/wiki/Natural_News,CP,en,https://nationalsecurity.news/,↗
nationalvanguard.org,very-low,138165,2003,National Vanguard,https://mediabiasfactcheck.com/national-vanguard/,https://en.wikipedia.org/wiki/National_Vanguard_(American_organization),FN,en,https://nationalvanguard.org/,↗
naturalmedicine.news,very-low,3935491,2015,NaturalMedicine.News,https://mediabiasfactcheck.com/naturalmedicine-news/,https://en.wikipedia.org/wiki/Natural_News,CP,en,https://naturalmedicine.news/,↗
naturalnews.com,very-low,18138,,Natural News,https://mediabiasfactcheck.com/natural-news/,https://en.wikipedia.org/wiki/Natural_News,CP,en,https://naturalnews.com/,↗
naturalnewsblogs.com,very-low,289298,2017,NaturalNewsBlogs,https://mediabiasfactcheck.com/naturalnewsblogs/,https://en.wikipedia.org/wiki/Natural_News,CP,en,https://naturalnewsblogs.com/,↗
naturalnewsradio.com,very-low,3023044,2008,Natural News Radio,https://mediabiasfactcheck.com/natural-news-radio/,https://en.wikipedia.org/wiki/Natural_News,CP,en,https://naturalnewsradio.com/,↗
naturalpedia.com,very-low,1054871,,NaturalPedia.com,https://mediabiasfactcheck.com/naturalpedia-com/,https://en.wikipedia.org/wiki/Natural_News,CP,en,https://naturalpedia.com/,↗
navarroreport.com,low,290190,2020,The Navarro Report,https://mediabiasfactcheck.com/navarro-report/,https://en.wikipedia.org/wiki/Peter_Navarro,,en,https://navarroreport.com/,↗
needtoknow.news,low,145567,,Need to Know,https://mediabiasfactcheck.com/need-to-know/,,CP,en,https://needtoknow.news/,↗
neonnettle.com,low,66999,2013,Neon Nettle,https://mediabiasfactcheck.com/neon-nettle/,https://en.wikipedia.org/wiki/List_of_fake_news_websites,CP,en,https://neonnettle.com/,↗
newamericannews.com,low,13193223,2016,New American News,https://mediabiasfactcheck.com/new-american-news/,,CP,en,https://newamericannews.com/,↗
newnation.org,very-low,1929909,1998,New Nation News,https://mediabiasfactcheck.com/new-nation-news/,,FN,en,http://newnation.org/,↗
newsfeedhunter.com,low,20000000,2018,News Feed Hunter,https://mediabiasfactcheck.com/news-feed-hunter/,,FN,en,https://newsfeedhunter.com/,↗
newsheist.com,low,6804930,2014,News Heist,https://mediabiasfactcheck.com/news-heist/,,,en,https://newsheist.com/,↗
newshourfirst.com,low,1092619,2020,News Hour First,https://mediabiasfactcheck.com/news-hour-first/,,,en,https://newshourfirst.com/,↗
newsinsideout.com,low,1684680,2014,News Inside Out,https://mediabiasfactcheck.com/newsinsideout-com/,,CP,en,https://newsinsideout.com/,↗
newspunch.com,very-low,158612,2004,News Punch,https://mediabiasfactcheck.com/news-punch/,https://en.wikipedia.org/wiki/NewsPunch,FN,en,https://newspunch.com/,↗
newspushed.com,low,362232,2020,News Pushed,https://mediabiasfactcheck.com/news-pushed/,,,en,https://newspushed.com/,↗
newstarget.com,low,143501,1996,News Target,https://mediabiasfactcheck.com/news-target/,https://en.wikipedia.org/wiki/Natural_News,CP,en,https://newstarget.com/,↗
newswars.com,low,63937,2009,NewsWars,https://mediabiasfactcheck.com/newswars/,,FN,en,https://www.newswars.com/,↗
newswithviews.com,low,196438,2001,News with Views,https://mediabiasfactcheck.com/news-with-views/,,FN,en,https://newswithviews.com/,↗
notallowedto.com,low,978627,2014,Not Allowed to,https://mediabiasfactcheck.com/not-allowed-to/,,FN,en,https://notallowedto.com/,↗
notrickszone.com,low,521247,2010,NoTricksZone,https://mediabiasfactcheck.com/notrickszone/,,CP,en,https://notrickszone.com/,↗
now8news.com,very-low,1741848,2015,Now8News,https://mediabiasfactcheck.com/now8news/,https://en.wikipedia.org/wiki/List_of_fake_news_websites,FN,en,https://now8news.com/,↗
nowtheendbegins.com,low,70636,2015,Now The End Begins,https://mediabiasfactcheck.com/now-the-end-begins/,,CP,en,https://www.nowtheendbegins.com/,↗
npr.news,very-low,5528157,2015,NPR News,https://mediabiasfactcheck.com/npr-news-natural-news/,,,en,https://npr.news/,↗
nrlc.org,low,1688241,,National Right to Life Committee,https://mediabiasfactcheck.com/national-right-to-life-committee-nrlc/,https://en.wikipedia.org/wiki/National_Right_to_Life_Committee,FN,en,https://www.nrlc.org/,↗
nutrientreference.com,very-low,20000000,2006,NutrientReference.com,https://mediabiasfactcheck.com/nutrientreference-com/,,CP,en,https://nutrientreference.com/,↗
nvic.org,low,169286,2003,National Vaccine Information Institute,https://mediabiasfactcheck.com/national-vaccine-information-center-nvic/,https://en.wikipedia.org/wiki/National_Vaccine_Information_Center,CP,en,https://www.nvic.org/,↗
oann.com,low,44743,2004,One America News Network,https://mediabiasfactcheck.com/one-america-news-network/,https://en.wikipedia.org/wiki/One_America_News_Network,FN,en,https://www.oann.com/,↗
oathkeepers.org,low,285785,,Oath Keepers,https://mediabiasfactcheck.com/oath-keepers/,https://en.wikipedia.org/wiki/Oath_Keepers,FN,en,https://oathkeepers.org/,↗
occupydemocrats.com,low,1078213,2012,Occupy Democrats,https://mediabiasfactcheck.com/occupy-democrats/,https://en.wikipedia.org/wiki/Occupy_Democrats,FN,en,https://occupydemocrats.com/,↗
organicconsumers.org,low,159175,1998,Organic Consumers Association,https://mediabiasfactcheck.com/organic-consumers-association/,https://en.wikipedia.org/wiki/Organic_Consumers_Association,CP,en,https://www.organicconsumers.org/,↗
other98.com,low,1203733,2010,The Other 98%,https://mediabiasfactcheck.com/the-other-98/,,FN,en,https://other98.com/,↗
outragedpatriot.com,low,225821,2019,Outraged Patriot,https://mediabiasfactcheck.com/outraged-patriot/,,FN,en,https://outragedpatriot.com/,↗
oye.news,low,1793791,,Oye.news,https://mediabiasfactcheck.com/oye-news/,,CP,en,https://oye.news/,↗
pacificpundit.com,low,718857,2012,Pacific Pundit,https://mediabiasfactcheck.com/pacific-pundit/,,FN,en,https://www.pacificpundit.com/,↗
pakalertpress.com,low,5023384,2009,Pak Alert Press,https://mediabiasfactcheck.com/pak-alert-press/,,CP,en,https://www.pakalertpress.com/,↗
pandemic.news,very-low,227086,2018,Pandemic News,https://mediabiasfactcheck.com/pandemic-news/,https://en.wikipedia.org/wiki/Natural_News,CP,en,https://pandemic.news/,↗
pantsonfirenews.com,low,344493,2019,Pants on Fire News,https://mediabiasfactcheck.com/pants-on-fire-news/,,FN,en,https://pantsonfirenews.com/,↗
parler.com,low,816,1998,Parler,https://mediabiasfactcheck.com/parler/,https://en.wikipedia.org/wiki/Parler,,en,https://parler.com/,↗
patribotics.blog,low,402918,,Patribotics Blog,https://mediabiasfactcheck.com/patribotics-blog/,https://en.wikipedia.org/wiki/Patribotics,FN,en,https://patribotics.blog/,↗
patriotfires.com,low,18546520,2016,Patriot Fires,https://mediabiasfactcheck.com/patriot-fires/,,FN,en,https://www.patriotfires.com/,↗
patrioticviralnews.com,low,382673,2016,Patriotic Viral News,https://mediabiasfactcheck.com/patriotic-viral-news/,,FN,en,https://www.patrioticviralnews.com/,↗
patriots4truth.org,very-low,1774180,2017,Patriots For Truth,https://mediabiasfactcheck.com/patriots-for-truth/,,CP,en,https://patriots4truth.org/,↗
pcmustdie.com,low,1586293,2019,PC Must Die News,https://mediabiasfactcheck.com/pc-must-die-news/,,FN,en,https://pcmustdie.com/,↗
pdmj.org,very-low,668616,2015,Primary Doctor Medical Journal,https://mediabiasfactcheck.com/primary-doctor-medical-journal/,,,en,https://pdmj.org/,↗
personalliberty.com,low,785189,,Personal Liberty,https://mediabiasfactcheck.com/personal-liberty/,,FN,en,https://personalliberty.com/,↗
politicsonline.net,low,4352561,2019,PoliticsOnline.net,https://mediabiasfactcheck.com/free-speech-time/,,FN,en,http://www.politicsonline.net/,↗
politifact.news,low,16319992,,Poltifact News,https://mediabiasfactcheck.com/politifact-news/,,FN,en,https://politifact.news/,↗
pollution.news,very-low,1392194,,Pollution News,https://mediabiasfactcheck.com/pollution-news/,,,en,http://pollution.news/,↗
pop.org,low,622251,1996,Population Research Institute,https://mediabiasfactcheck.com/population-research-institute/,https://en.wikipedia.org/wiki/Population_Research_Institute,FN,en,https://www.pop.org/,↗
populist.press,low,20077,,Populist Press,https://mediabiasfactcheck.com/populist-press/,,,en,https://populist.press/,↗
powderedwigsociety.com,low,1281466,2013,Powdered Wig Society,https://mediabiasfactcheck.com/powdered-wig-society/,,FN,en,https://powderedwigsociety.com/,↗
prageru.com,low,70515,,PragerU,https://mediabiasfactcheck.com/prageru/,https://en.wikipedia.org/wiki/PragerU,FN,en,https://www.prageru.com/,↗
pravdareport.com,very-low,95427,2015,Pravda Report,https://mediabiasfactcheck.com/pravda-report/,https://en.wikipedia.org/wiki/Pravda,FN,en,https://www.pravdareport.com/,↗
prepareforchange.net,low,150007,2013,Prepare for Change,https://mediabiasfactcheck.com/prepare-for-change/,,CP,en,https://prepareforchange.net/,↗
presstv.com,low,9605,2002,Press TV,https://mediabiasfactcheck.com/press-tv/,https://en.wikipedia.org/wiki/Press_TV,FN,en,https://www.presstv.com/,↗
principia-scientific.org,low,445805,,Principia Scientific International,https://mediabiasfactcheck.com/principia-scientific-international/,,CP,en,https://principia-scientific.org/,↗
prisonplanet.com,very-low,62113,2001,Prison Planet,https://mediabiasfactcheck.com/prison-planet/,https://en.wikipedia.org/wiki/Alex_Jones,CP,en,https://www.prisonplanet.com/,↗
prntly.com,low,623406,2014,Prntly,https://mediabiasfactcheck.com/prntly/,https://en.wikipedia.org/wiki/Prntly,FN,en,https://prntly.com/,↗
profam.org,low,8988247,1997,International Organization for the Family (IOF),https://mediabiasfactcheck.com/international-organization-for-the-family-iof/,,FN,en,https://profam.org/,↗
progressivestoday.com,low,20000000,,Progressives Today,https://mediabiasfactcheck.com/progressives-today/,,FN,en,https://progressivestoday.com/,↗
prophecynewswatch.com,low,236817,2002,Prophecy News Watch,https://mediabiasfactcheck.com/prophecy-news-watch/,,CP,en,http://prophecynewswatch.com/,↗
prophecytoday.com,low,1021648,1998,Prophecy Today,https://mediabiasfactcheck.com/prophecy-today/,,CP,en,http://prophecytoday.com/,↗
protrumpnews.com,low,218607,2019,Pro Trump News,https://mediabiasfactcheck.com/pro-trump-news/,,FN,en,https://protrumpnews.com/,↗
qanon.pub,very-low,44694,,QAnon.pub,https://mediabiasfactcheck.com/qanon-pub/,,CP,en,https://qanon.pub/,↗
randpaul.news,very-low,20000000,,RandPaul.News,https://mediabiasfactcheck.com/randpaul-news/,,,en,https://randpaul.news/,↗
rapturenewsnetwork.com,low,4761272,2016,Rapture News Network,https://mediabiasfactcheck.com/rapture-news-network/,,CP,en,https://www.rapturenewsnetwork.com/,↗
realclimatescience.com,low,299724,2015,Real Climate Science,https://mediabiasfactcheck.com/real-climate-science/,,CP,en,https://realclimatescience.com/,↗
realfarmacy.com,low,85569,2013,RealFarmacy,https://mediabiasfactcheck.com/realfarmacy/,,CP,en,https://realfarmacy.com/,↗
realjewnews.com,very-low,432297,2007,Real Jew News,https://mediabiasfactcheck.com/real-jew-news/,,CP,en,https://realjewnews.com/,↗
realnews24.com,low,2902001,,Real News 24,https://mediabiasfactcheck.com/real-news-24/,,CP,en,http://www.realnews24.com/,↗
realrawnews.com,very-low,151997,2016,Real Raw News,https://mediabiasfactcheck.com/real-raw-news/,,,en,https://realrawnews.com/,↗
redice.tv,low,172575,2014,Red Ice TV,https://mediabiasfactcheck.com/red-ice-tv/,https://en.wikipedia.org/wiki/Red_Ice,FN,en,https://redice.tv/,↗
redstatewatcher.com,low,87773,2015,Red State Watcher,https://mediabiasfactcheck.com/red-state-watcher/,,FN,en,http://redstatewatcher.com/,↗
redwhiteandright.com,low,8531849,2016,"Red, White and Right",https://mediabiasfactcheck.com/red-white-and-right/,,FN,en,https://redwhiteandright.com/,↗
remnantnewspaper.com,low,369830,2014,The Remnant Newspaper,https://mediabiasfactcheck.com/the-remnant-magazine/,https://en.wikipedia.org/wiki/The_Remnant_(newspaper),FN,en,https://remnantnewspaper.com/web/index.php,↗
renewamerica.com,low,493605,,Renew America,https://mediabiasfactcheck.com/renew-america/,https://en.wikipedia.org/wiki/Alan_Keyes,FN,en,http://www.renewamerica.com/,↗
rense.com,very-low,40996,1999,Rense,https://mediabiasfactcheck.com/rense/,https://en.wikipedia.org/wiki/Jeff_Rense,CP,en,https://rense.com/,↗
researchantisemitism.ca,low,20000000,2017,Center for Research of Radicalism and National Security,https://mediabiasfactcheck.com/centre-for-research-of-radicalism-and-national-security-crrns/,,FN,en,http://researchantisemitism.ca/,↗
returnofkings.com,low,27269,2012,Return of Kings,https://mediabiasfactcheck.com/return-of-kings/,,FN,en,https://www.returnofkings.com/,↗
returntonow.net,low,73190,2019,Return to Now,https://mediabiasfactcheck.com/return-to-now/,,CP,en,https://returntonow.net/,↗
revolutionradio.org,low,2550078,2003,Revolution Radio,https://mediabiasfactcheck.com/revolution-radio/,,CP,en,http://revolutionradio.org/,↗
righterway.com,low,20000000,2017,Righter Way,https://mediabiasfactcheck.com/righter-way/,,FN,en,https://righterway.com/,↗
rightsidenews.com,low,1164585,2007,Right Side News,https://mediabiasfactcheck.com/right-side-news/,,,en,https://rightsidenews.com/,↗
rightwing.news,low,2311878,2018,Right Wing News (rightwing.news),https://mediabiasfactcheck.com/right-wing-news-rightwing-news/,,FN,en,https://rightwing.news/,↗
rightwingnews.com,low,385679,2000,Right Side News,right-wing-news,,FN,en,https://rightwingnews.com/,↗
rightwingtribune.com,low,320218,2015,Right Wing Tribune,https://mediabiasfactcheck.com/right-wing-tribune/,,FN,en,https://rightwingtribune.com/,↗
rinf.com,low,1537065,2003,RINF,https://mediabiasfactcheck.com/rinf/,https://en.wikipedia.org/wiki/RINF,FN,en,http://rinf.com/,↗
rsbnetwork.com,low,96642,2016,Right Side Broascasting Network,https://mediabiasfactcheck.com/right-side-broadcasting-network-rsbn/,,,en,https://rsbnetwork.com/,↗
rt.com,very-low,294,1991,RT News,https://mediabiasfactcheck.com/rt-news/,https://en.wikipedia.org/wiki/RT_(TV_network),FN,en,https://www.rt.com/,↗
rumble.com,low,1304,1998,Rumble,https://mediabiasfactcheck.com/rumble/,https://en.wikipedia.org/wiki/Rumble_(website),,en,https://rumble.com/,↗
rushlimbaugh.com,very-low,31084,1995,The Rush Limbaugh Show,https://mediabiasfactcheck.com/rushlimbaugh-com/,https://en.wikipedia.org/wiki/The_Rush_Limbaugh_Show,FN,en,https://www.rushlimbaugh.com/,↗
russia-insider.com,low,22909,2014,Russia Insider,https://mediabiasfactcheck.com/russia-insider/,https://en.wikipedia.org/wiki/Russia_Insider,FN,en,https://russia-insider.com/en,↗
sanevax.org,low,1527914,,SaneVax,https://mediabiasfactcheck.com/sanevax/,,CP,en,https://sanevax.org/,↗
savethemales.ca,low,857663,2001,Henry Makow (savethemales.ca),https://mediabiasfactcheck.com/henry-makow-savethemales-ca/,,CP,en,https://www.savethemales.ca/,↗
science.news,very-low,2584116,2017,Science.News,https://mediabiasfactcheck.com/science-news-2/,,CP,en,https://science.news/,↗
secondamendmentdaily.com,low,402550,2017,2nd Amendment Daily News,https://mediabiasfactcheck.com/2nd-amendment-daily-news/,,FN,en,https://www.secondamendmentdaily.com/,↗
sgtreport.com,low,81343,2010,SGT Report,https://mediabiasfactcheck.com/sgt-report/,,CP,en,https://www.sgtreport.com/,↗
sheepkillers.com,low,20000000,2008,Sheep Killers,https://mediabiasfactcheck.com/sheep-killers/,,CP,en,http://sheepkillers.com/,↗
shoebat.com,low,234007,2004,Shoebat,https://mediabiasfactcheck.com/shoebat/,https://en.wikipedia.org/wiki/Walid_Shoebat,CP,en,http://shoebat.com/,↗
sickchirpse.com,very-low,184898,2010,Sick Chirpse,https://mediabiasfactcheck.com/sick-chirpse/,,FN,en,https://sickchirpse.com/,↗
skeptiko.com,very-low,574910,,Skeptiko,https://mediabiasfactcheck.com/skeptiko/,,CP,en,https://skeptiko.com/,↗
smobserved.com,low,974694,2011,Santa Monica Observer,https://mediabiasfactcheck.com/santa-monica-observer/,,FN,en,https://www.smobserved.com/,↗
snopes.news,very-low,20000000,2015,Snopes News,https://mediabiasfactcheck.com/snopes-news/,,,en,https://snopes.news/,↗
sonsof1776.com,low,1031627,2018,Sons of 1776,https://mediabiasfactcheck.com/sons-of-1776/,,FN,en,https://sonsof1776.com/,↗
sott.net,low,24484,2004,Signs of the Times,https://mediabiasfactcheck.com/signs-of-the-times-sott/,,CP,en,https://www.sott.net/,↗
southfront.org,low,37014,2015,South Front,https://mediabiasfactcheck.com/south-front/,,CP,en,https://southfront.org/,↗
sputniknews.com,very-low,630,2011,Sputnik,https://mediabiasfactcheck.com/sputnik-news/,https://en.wikipedia.org/wiki/Sputnik_(news_agency),FN,en,https://sputniknews.com/,↗
squawker.org,low,4140731,2017,Squawker,https://mediabiasfactcheck.com/squawker/,,FN,en,https://squawker.org/,↗
staresattheworld.com,low,2208490,2009,Stares at the World,https://mediabiasfactcheck.com/stares-at-the-world/,,FN,en,https://www.staresattheworld.com/,↗
stateofthenation.co,low,20000000,2014,State of the Nation,https://mediabiasfactcheck.com/state-of-the-union-2012/,,,en,https://stateofthenation.co/,↗
stateofthenation2012.com,low,108514,,State of the Nation 2012,https://mediabiasfactcheck.com/state-of-the-union-2012/,,FN,en,https://stateofthenation2012.com/,↗
steadfastandloyal.com,low,318774,2017,Steadfast and Loyal,https://mediabiasfactcheck.com/steadfast-and-loyal/,,FN,en,https://steadfastandloyal.com/,↗
stillnessinthestorm.com,low,84068,2015,Stillness in the Storm,https://mediabiasfactcheck.com/stillness-in-the-storm/,,CP,en,https://stillnessinthestorm.com/,↗
stonecoldtruth.com,low,375390,2015,Stone Cold Truth,https://mediabiasfactcheck.com/stone-cold-truth/,,FN,en,https://stonecoldtruth.com/,↗
stormcloudsgathering.com,low,1295672,2012,Storm Clouds Gathering,https://mediabiasfactcheck.com/storm-clouds-gathering/,,CP,en,http://stormcloudsgathering.com/,↗
stormfront.org,very-low,53395,1995,Stormfront,https://mediabiasfactcheck.com/stormfront/,https://en.wikipedia.org/wiki/Stormfront_(website),CP,en,https://www.stormfront.org/forum/,↗
strategic-culture.org,very-low,138978,,Strategic Culture Foundation,https://mediabiasfactcheck.com/strategic-culture-foundation/,,FN,en,https://www.strategic-culture.org/,↗
summit.news,low,50818,,Summit News,https://mediabiasfactcheck.com/summit-news/,,FN,en,https://summit.news/,↗
supplementreference.com,very-low,5487696,2006,SupplementReference.com,https://mediabiasfactcheck.com/supplementreference-com/,,CP,en,https://supplementreference.com/,↗
survivalblog.com,low,133874,2005,SurvivalBlog.com,https://mediabiasfactcheck.com/survivalblog-com/,https://en.wikipedia.org/wiki/James_Wesley_Rawles,FN,en,https://survivalblog.com/,↗
sustainablepulse.com,low,585841,2012,Sustainable Pulse,https://mediabiasfactcheck.com/sustainable-pulse/,,CP,en,https://sustainablepulse.com/,↗
swampdrain.com,low,1175192,2016,SwampDrain.com,https://mediabiasfactcheck.com/swampdrain-com/,,FN,en,https://swampdrain.com/,↗
swarajyamag.com,low,18044,2014,Swarajya,https://mediabiasfactcheck.com/swarajya/,https://en.wikipedia.org/wiki/Swarajya_(magazine),FN,en,https://swarajyamag.com/,↗
syrianews.cc,low,878865,,Syria News,http://mediabiasfactcheck.com/syria-news/,,FN,en,https://www.syrianews.cc/,↗
takimag.com,low,70587,2007,Taki's Magazine,https://mediabiasfactcheck.com/takis-magazine/,https://en.wikipedia.org/wiki/Taki%27s_Magazine,FN,en,https://www.takimag.com/,↗
talknetwork.com,very-low,20000000,,TalkNetwork.com,https://mediabiasfactcheck.com/talknetwork-com/,,CP,en,https://talknetwork.com/,↗
teaparty.org,low,69876,2004,Tea Party Inc.,https://mediabiasfactcheck.com/tea-party-inc/,,FN,en,https://www.teaparty.org/,↗
technocracy.news,very-low,163980,,Technocracy News,https://mediabiasfactcheck.com/technocracy-news/,,CP,en,https://www.technocracy.news/,↗
tfp.org,low,535195,1997,"American Society for the Defense of Tradition, Family, and Property",https://mediabiasfactcheck.com/american-society-defense-tradition-family-property/,"https://en.wikipedia.org/wiki/American_Society_for_the_Defense_of_Tradition,_Family_and_Property",FN,en,https://www.tfp.org/,↗
theamericanmirror.com,low,41184,2014,The American Mirror,https://mediabiasfactcheck.com/the-american-mirror/,,FN,en,https://www.theamericanmirror.com/,↗
thebeardedpatriot.com,low,690029,2013,The Bearded Patriot,https://mediabiasfactcheck.com/the-bearded-patriot/,,FN,en,https://thebeardedpatriot.com/,↗
thebreakingnews.com,low,7086220,1999,The Breaking News,https://mediabiasfactcheck.com/thebreakingnews/,,,en,https://thebreakingnews.com/,↗
thecommonsenseshow.com,very-low,86879,2012,The Common Sense Show,https://mediabiasfactcheck.com/the-common-sense-show/,,CP,en,https://thecommonsenseshow.com/,↗
theconservativecentral.com,low,4442184,2017,The Conservative Central,https://mediabiasfactcheck.com/the-conservative-central/,,,en,https://theconservativecentral.com/,↗
theconservativetreehouse.com,low,20132,,The Last Refuge,https://mediabiasfactcheck.com/the-last-refuge/,,FN,en,https://theconservativetreehouse.com/,↗
thedailybell.com,low,552145,2008,The Daily Bell,https://mediabiasfactcheck.com/the-daily-bell/,,FN,en,https://www.thedailybell.com/,↗
thedailyconspiracy.com,low,561490,2017,The Daily Conspiracy,https://mediabiasfactcheck.com/the-daily-conspiracy/,,CP,en,https://thedailyconspiracy.com/,↗
thedailysheeple.com,low,106904,,The Daily Sheeple,https://mediabiasfactcheck.com/the-daily-sheeple/,,CP,en,https://www.thedailysheeple.com/,↗
thedcpatriot.com,low,20000000,2019,The DC Patriot,https://mediabiasfactcheck.com/the-dc-patriot/,,,en,https://thedcpatriot.com/,↗
theduran.com,low,52229,2016,The Duran,https://mediabiasfactcheck.com/the-duran/,,FN,en,https://theduran.com/,↗
thefederalistpapers.org,low,138049,,The Federalist Papers Project,https://mediabiasfactcheck.com/the-federalist-papers-project/,,FN,en,https://thefederalistpapers.org/,↗
theforbiddenknowledge.com,low,4664670,1999,The Forbidden Knowledge,https://mediabiasfactcheck.com/the-forbidden-knowledge/,,CP,en,https://www.theforbiddenknowledge.com/,↗
thefreedomtimes.com,low,1178635,2018,The Freedom Times,https://mediabiasfactcheck.com/the-freedom-times/,,FN,en,https://www.thefreedomtimes.com/,↗
thefreethoughtproject.com,low,37928,,Free Thought Project,https://mediabiasfactcheck.com/free-thought-project/,,CP,en,https://thefreethoughtproject.com/,↗
thefullertoninformer.com,very-low,241178,2013,The Fullerton Informer,https://mediabiasfactcheck.com/the-fullerton-informer/,,,en,https://thefullertoninformer.com/,↗
thegatewaypundit.com,low,7661,,The Gateway Pundit,https://mediabiasfactcheck.com/the-gateway-pundit/,https://en.wikipedia.org/wiki/The_Gateway_Pundit,FN,en,https://www.thegatewaypundit.com/,↗
thegoldwater.com,low,357615,2016,The Goldwater,https://mediabiasfactcheck.com/the-goldwater/,,FN,en,http://thegoldwater.com/,↗
thehealthyamerican.org,very-low,316856,,The Healthy American,https://mediabiasfactcheck.com/the-healthy-american/,,,en,https://www.thehealthyamerican.org/,↗
thehighwire.com,low,331493,,The Highwire,https://mediabiasfactcheck.com/the-highwire/,,CP,en,https://thehighwire.com/,↗
thehornnews.com,low,78597,2015,The Horn,https://mediabiasfactcheck.com/the-horn-news/,,FN,en,https://thehornnews.com/,↗
thelaughclub.net,low,719565,2019,The Laugh Club,https://mediabiasfactcheck.com/the-laugh-club/,,FN,en,https://www.thelaughclub.net/,↗
thelibertybeacon.com,low,481121,,The Liberty Beacon,https://mediabiasfactcheck.com/the-liberty-beacon/,,CP,en,https://www.thelibertybeacon.com/,↗
themillenniumreport.com,low,141466,2014,The Millennium Report,https://mediabiasfactcheck.com/the-millennium-report/,,FN,en,http://themillenniumreport.com/,↗
themindunleashed.com,low,55312,2013,The Mind Unleashed,https://mediabiasfactcheck.com/the-mind-unleashed/,,CP,en,https://themindunleashed.com/,↗
thenationalpatriot.com,low,5285941,,The National Patriot,https://mediabiasfactcheck.com/the-national-patriot/,,FN,en,https://www.thenationalpatriot.com/,↗
thepoliticalinsider.com,low,54712,,Political Insider,https://mediabiasfactcheck.com/political-insider/,,FN,en,https://thepoliticalinsider.com/,↗
thepublicdiscourse.com,low,231465,,Witherspoon Institute,https://mediabiasfactcheck.com/witherspoon-institute/,https://en.wikipedia.org/wiki/Witherspoon_Institute,FN,en,https://www.thepublicdiscourse.com/,↗
thereligionofpeace.com,low,208662,2002,The Religion of Peace,https://mediabiasfactcheck.com/the-religion-of-peace/,,FN,en,https://thereligionofpeace.com/,↗
therightstuff.biz,very-low,36434,2012,The Right Stuff,https://mediabiasfactcheck.com/the-right-stuff/,,FN,en,https://therightstuff.biz/,↗
therundownlive.com,low,7394713,2013,The Rundown Live,https://mediabiasfactcheck.com/the-rundown-live/,,CP,en,https://therundownlive.com/,↗
thespectator.info,very-low,1515768,2019,TheSpectator.info,https://mediabiasfactcheck.com/thespectator-info/,,FN,en,https://thespectator.info/,↗
thetruedefender.com,low,56048,2021,The True Defender,https://mediabiasfactcheck.com/the-true-defender/,,,en,https://thetruedefender.com/,↗
thetruereporter.com,low,77376,2016,The True Reporter,https://mediabiasfactcheck.com/the-true-reporter/,,,en,https://thetruereporter.com/,↗
thetruthaboutcancer.com,low,48603,2011,The Truth about Cancer,https://mediabiasfactcheck.com/the-truth-about-cancer/,,CP,en,https://thetruthaboutcancer.com/,↗
thetruthseeker.co.uk,low,75766,2002,The Truth Seeker,https://mediabiasfactcheck.com/the-truth-seeker/,,CP,en,http://thetruthseeker.co.uk/,↗
theunionjournal.com,low,92758,2019,The Union Journal,https://mediabiasfactcheck.com/the-union-journal/,,FN,en,https://theunionjournal.com/,↗
thevaccinereaction.org,low,513174,,The Vaccine Reaction,https://mediabiasfactcheck.com/the-vaccine-reaction/,,,en,https://thevaccinereaction.org/,↗
thewashingtonstandard.com,low,81447,2013,The Washington Standard,https://mediabiasfactcheck.com/the-washington-standard/,,FN,en,https://thewashingtonstandard.com/,↗
thinkamericana.com,low,331448,2017,Think Americana,https://mediabiasfactcheck.com/think-americana/,,FN,en,https://thinkamericana.com/,↗
thinkinghumanity.com,low,121377,,Thinking Humanity,https://mediabiasfactcheck.com/thinking-humanity/,,CP,en,https://www.thinkinghumanity.com/,↗
thinkingmomsrevolution.com,low,761315,,Thinking Mom's Revolution,https://mediabiasfactcheck.com/thinking-moms-revolution/,,CP,en,https://thinkingmomsrevolution.com/,↗
thoughtcrimeradio.net,low,3286305,2018,Thought Crime Radio,https://mediabiasfactcheck.com/thought-crime-radio/,,CP,en,http://thoughtcrimeradio.net/,↗
thrivemovement.com,low,372738,2009,Thrive Movement,https://mediabiasfactcheck.com/thrive-movement/,,CP,en,http://www.thrivemovement.com/,↗
torontotoday.net,low,315206,2018,Toronto Today,https://mediabiasfactcheck.com/toronto-today/,,FN,en,https://www.torontotoday.net/,↗
tpusa.com,low,506498,2002,Turning Point USA,https://mediabiasfactcheck.com/turning-point-usa/,https://en.wikipedia.org/wiki/Turning_Point_USA,FN,en,https://www.tpusa.com/,↗
treason.news,very-low,1580032,,Treason News,https://mediabiasfactcheck.com/treason-news/,,,en,https://treason.news/,↗
triggerreset.net,low,7474885,2018,Trigger Reset,https://mediabiasfactcheck.com/triggerreset/,,FN,en,https://triggerreset.net/,↗
trueactivist.com,low,178800,,Center for Immigration Studies,https://mediabiasfactcheck.com/true-activist/,,FN,en,https://www.trueactivist.com/,↗
truepundit.com,low,22078,2016,True Pundit,https://mediabiasfactcheck.com/true-pundit/,,CP,en,https://truepundit.com/,↗
trueviralnews.com,low,1045548,2016,True Viral News,https://mediabiasfactcheck.com/true-viral-news/,,FN,en,https://trueviralnews.com/,↗
trump.news,low,2667495,,Trump.News,https://mediabiasfactcheck.com/trump-news/,https://en.wikipedia.org/wiki/Natural_News,FN,en,https://trump.news/,↗
trunews.com,low,224850,2003,TruNews,https://mediabiasfactcheck.com/trunews/,https://en.wikipedia.org/wiki/Rick_Wiles,CP,en,https://www.trunews.com/,↗
truthandaction.org,low,455179,2013,Truth and Action,https://mediabiasfactcheck.com/truth-and-action/,,FN,en,http://www.truthandaction.org/,↗
truthinmedia.com,low,706903,,Truth in Media,https://mediabiasfactcheck.com/truth-in-media/,https://en.wikipedia.org/wiki/Ben_Swann,FN,en,https://truthinmedia.com/,↗
truthmonitor.com,low,8419364,2016,Truth Monitor,https://mediabiasfactcheck.com/truth-monitor/,,FN,en,https://truthmonitor.com/,↗
truthuncensored.net,low,1891616,2018,Truth Uncensored,https://mediabiasfactcheck.com/truth-uncensored/,,FN,en,https://truthuncensored.net/,↗
twisted.news,very-low,20000000,,Twisted News,https://mediabiasfactcheck.com/twisted-news/,https://en.wikipedia.org/wiki/Natural_News,CP,en,https://twisted.news/,↗
ukcolumn.org,low,267164,,UK Column,https://mediabiasfactcheck.com/uk-column/,,CP,en,https://www.ukcolumn.org/,↗
unclesamsmisguidedchildren.com,low,242476,,Uncle Sam's Misguided Children,https://mediabiasfactcheck.com/uncle-sams-misguided-children/,,FN,en,https://unclesamsmisguidedchildren.com/,↗
understandingthethreat.com,low,1957091,,Understanding the threat,https://mediabiasfactcheck.com/understanding-the-threat/,,FN,en,https://www.understandingthethreat.com/,↗
uniteamericafirst.com,low,287133,2017,Unite America First,https://mediabiasfactcheck.com/unite-america-first/,,FN,en,https://uniteamericafirst.com/,↗
unz.com,low,29291,,The Unz Review,https://mediabiasfactcheck.com/the-unz-report/,https://en.wikipedia.org/wiki/Ron_Unz,FN,en,https://www.unz.com/,↗
us24news.com,low,1016124,2018,24 News,https://mediabiasfactcheck.com/24-news/,,FN,en,https://us24news.com/,↗
usahitman.com,low,684861,2010,USA Hitman,https://mediabiasfactcheck.com/usa-hitman/,,CP,en,https://usahitman.com/,↗
usaisonline.com,very-low,20000000,2019,USA is Online,https://mediabiasfactcheck.com/usa-is-online/,,FN,en,https://usaisonline.com/,↗
usareally.com,very-low,1258926,2018,USA Really,https://mediabiasfactcheck.com/usa-really/,,FN,en,https://usareally.com/,↗
usasupreme.com,very-low,9648203,2016,USA Supreme,https://mediabiasfactcheck.com/usa-supreme/,,FN,en,https://www.usasupreme.com/,↗
usawatchdog.com,low,145796,,USAWatchdog.com,https://mediabiasfactcheck.com/usawatchdog-com/,,CP,en,https://usawatchdog.com/,↗
usbacklash.org,very-low,5982172,,US Backlash,https://mediabiasfactcheck.com/us-backlash/,,FN,en,https://usbacklash.org/,↗
uschronicle.com,low,451052,,US Chronicle,https://mediabiasfactcheck.com/us-chronicle/,,FN,en,https://uschronicle.com/,↗
uslibertywire.com,low,606948,2018,US Liberty Wire,https://mediabiasfactcheck.com/us-liberty-wire-bias-credibility-fake-news/,,FN,en,https://uslibertywire.com/,↗
vaccineimpact.com,low,162777,2014,Vaccine Impact,https://mediabiasfactcheck.com/vaccine-impact/,,CP,en,https://vaccineimpact.com/,↗
vaccines.news,very-low,718243,,Vaccine News,https://mediabiasfactcheck.com/vaccines-news/,https://en.wikipedia.org/wiki/Natural_News,CP,en,https://vaccines.news/,↗
vaccinesrevealed.com,low,288363,2016,Vaccines Revealed,https://mediabiasfactcheck.com/vaccines-revealed/,,CP,en,https://www.vaccinesrevealed.com/,↗
vactruth.com,low,1191591,2009,VacTruth.com,https://mediabiasfactcheck.com/vactruth-com/,,CP,en,https://vactruth.com/,↗
vaxxter.com,low,256533,2015,Vaxxter,https://mediabiasfactcheck.com/vaxxter/,,CP,en,https://vaxxter.com/,↗
vdare.com,low,109719,1999,Vdare,https://mediabiasfactcheck.com/vdare/,https://en.wikipedia.org/wiki/VDARE,FN,en,https://vdare.com/,↗
veteranstoday.com,very-low,36989,2004,Veterans Today,https://mediabiasfactcheck.com/veterans-today/,,CP,en,https://www.veteranstoday.com/,↗
vidmax.com,low,44301,2003,Vidmax,https://mediabiasfactcheck.com/vidmax-2/,,FN,en,https://vidmax.com/,↗
vigilantcitizen.com,low,62302,2008,Vigilant Citizen,https://mediabiasfactcheck.com/vigilant-citizen/,,CP,en,https://vigilantcitizen.com/,↗
viralcocaine.com,low,1980136,2016,Viral Cocaine,https://mediabiasfactcheck.com/viral-cocaine/,,FN,en,https://viralcocaine.com/,↗
viralhatch.com,low,859520,2014,Viral Hatch,https://mediabiasfactcheck.com/viral-hatch/,,FN,en,https://viralhatch.com/,↗
viralnewsnetwork.net,low,9419055,2018,Viral News Network,https://mediabiasfactcheck.com/viral-news-network/,,CP,en,https://viralnewsnetwork.net/,↗
votefraud.news,very-low,1408130,,Vote Fraud News,https://mediabiasfactcheck.com/votefraud-news/,,,en,https://votefraud.news/,↗
wakeup-world.com,low,119968,,Wake Up World,https://mediabiasfactcheck.com/wake-up-world/,,CP,en,https://wakeup-world.com/,↗
wakingtimes.com,low,91606,,The Waking Times,https://mediabiasfactcheck.com/the-waking-times/,,CP,en,https://www.wakingtimes.com/,↗
wallbuilders.com,low,644079,1999,WallBuilders,https://mediabiasfactcheck.com/wallbuilders/,https://en.wikipedia.org/wiki/David_Barton_(author),FN,en,https://wallbuilders.com/,↗
wattsupwiththat.com,low,43516,2007,Watts Up with that,https://mediabiasfactcheck.com/watts-up-with-that/,https://en.wikipedia.org/wiki/Watts_Up_With_That%3F,CP,en,https://wattsupwiththat.com/,↗
waynedupree.com,low,5122,2016,WayneDupree.com,https://mediabiasfactcheck.com/waynedupree-com/,,FN,en,https://www.waynedupree.com/,↗
welovetrump.com,very-low,28143,2016,We Love Trump,https://mediabiasfactcheck.com/we-love-trump/,,,en,https://welovetrump.com/,↗
westonaprice.org,low,205392,1999,Weston A. Price Foundation,https://mediabiasfactcheck.com/weston-a-price-foundation/,https://en.wikipedia.org/wiki/Weston_A._Price_Foundation,CP,en,http://westonaprice.org/,↗
whale.to,low,149513,,Whale.to,https://mediabiasfactcheck.com/whale-to/,,CP,en,http://whale.to/,↗
whitehouse.news,very-low,1857487,,WhiteHouse.News,https://mediabiasfactcheck.com/whitehouse-news/,,,en,https://whitehouse.news/,↗
whydontyoutrythis.com,low,211779,,Why Don't You Try This,https://mediabiasfactcheck.com/why-dont-you-try-this/,,CP,en,https://www.whydontyoutrythis.com/,↗
wnd.com,low,6067,1998,World Net Daily,https://mediabiasfactcheck.com/world-net-daily-wnd/,https://en.wikipedia.org/wiki/WorldNetDaily,FN,en,https://www.wnd.com/,↗
worldaffairsbrief.com,very-low,1750897,2004,World Affairs Brief,https://mediabiasfactcheck.com/world-affairs-brief/,https://en.wikipedia.org/wiki/Joel_Skousen,CP,en,http://worldaffairsbrief.com/,↗
worlddoctorsalliance.com,very-low,581498,2020,World Doctors Alliance,https://mediabiasfactcheck.com/world-doctors-alliance/,,,en,https://worlddoctorsalliance.com/,↗
worldhealth.net,low,260256,2019,WorldHealth.Net,https://mediabiasfactcheck.com/worldhealth-net/,,CP,en,https://worldhealth.net/,↗
worldtruth.tv,very-low,160990,2011,World Truth TV,https://mediabiasfactcheck.com/world-truth-tv/,https://en.wikipedia.org/wiki/List_of_fake_news_websites,CP,en,https://worldtruth.tv/,↗
x22report.com,low,172647,2013,X22 Report,https://mediabiasfactcheck.com/x22-report/,,CP,en,https://x22report.com/,↗
yesimright.com,low,1510426,2014,Yes I'm Right,https://mediabiasfactcheck.com/yes-im-right/,,FN,en,https://yesimright.com/,↗
zenith.news,low,1350732,,Zenith News,https://mediabiasfactcheck.com/zenith-news/,,FN,en,https://zenith.news/,↗
zerohedge.com,low,1812,2009,Zerohedge,https://mediabiasfactcheck.com/zero-hedge/,https://en.wikipedia.org/wiki/Zero_Hedge,CP,en,https://www.zerohedge.com/,↗